icao,le_ident,he_ident,le_heading,he_heading,length_m,width_m,surface,lighted
EBAM,11,29,,,610,18,GRS,0
EBAR,09,27,85,265,150,30,GRS,0
EBAW,11,29,109.8,289.8,1510,45,ASP,1
EBBE,04L,22R,39,219,3074,45,ASP,1
EBBE,04R,22L,39,219,2450,23,ASP,1
EBBL,05L,23R,50,230,3096,45,PEM,1
EBBL,05R,23L,50.1,230.1,2400,23,PEM,0
EBBR,01,19,14,194,2987,50,ASP,1
EBBR,07L,25R,65,245,3638,45,ASP,1
EBBR,07R,25L,70,250,3211,45,ASP,1
EBBT,16,34,163,343,799,30,CON,0
EBBX,06,24,58.4,238.4,2400,45,CON,0
EBBY,05,23,,,252,30,GRS,0
EBBY,14,32,,,299,30,GRS,0
EBBZ,15,33,152,332,448,40,,0
EBCF,12L,30R,,,800,30,grass,0
EBCF,12R,30L,,,675,30,grass,0
EBCI,06,24,66,246,3055,45,ASP,1
EBCV,08,26,80,260,2498,45,ASP,1
EBDT,06,24,,,750,45,Turf,0
EBFN,02,20,,,799,30,CONC,0
EBFN,11,29,108,288,2678,50,PEM,1
EBFS,08L,26R,78.9,258.9,3385,45,ASP,1
EBFS,08R,26L,79.6,259.6,2250,23,ASP,1
EBGB,01,19,,,614,,GRS,0
EBGG,03,21,,,183,5,grass,0
EBHN,15,33,,,,,Grass,0
EBIS,17,35,,,151,50,G,0
EBKH,07,25,,,690,18,GRS,0
EBKT,06,24,62,242,1900,45,Asphalt,1
EBLE,08,26,,,600,18,Asphalt,0
EBLG,04L,22R,45,225,2340,45,ASP,1
EBLG,04R,22L,45,225,3690,45,ASP,1
EBML,09,27,,,400,,Grass,0
EBMO,04,22,,,198,9,grass,0
EBNM,06L,24R,64,244,629,50,grass,0
EBNM,06R,24L,64,244,690,25,ASP,0
EBOS,08,26,75,256,3200,45,CON,1
EBSG,09,27,88,268,700,23,ASP,0
EBSH,05,23,,,600,190,GRS,0
EBSH,14,32,,,799,150,GRS,0
EBSL,06,24,60,240,2980,45,ASP,0
EBSP,05,23,48,228,799,30,ASP,0
EBST,06,24,57.5,237.5,1096,50,ASP,0
EBSU,07,25,66.6,246.6,2599,45,CON,0
EBTN,06,24,60,240,655,30,ASPHALT,0
EBTN,17,35,,,780,30,ASPHALT,0
EBTX,06,24,,,738,22,GRS,0
EBTY,11,29,,,630,18,GRS,0
EBUL,07,25,70,250,2980,45,concrete,0
EBWE,07,25,68,248,2980,45,CON,0
EBZH,09,27,,,600,,Grass,0
EBZR,05,23,48,228,799,45,CON,0
EBZU,17,35,,,122,5,UNK,0
EBZW,03L,21R,34,214,799,23,ASPH,0
EBZW,03R,21L,34,214,655,18,grass,0
EDAB,07,25,69,249,2200,50,CON,1
EDAB,07L,25R,69,249,1000,40,GRS,0
EDAC,04,22,41,221,2435,45,CON,1
EDAD,09,27,87,267,1000,25,ASP,1
EDAE,11,29,110,290,1170,23,ASP,1
EDAG,11,29,107,287,1000,40,GRS,0
EDAH,10,28,100,280,2305,35,ASP,1
EDAH,10L,28R,100,280,1325,40,GRS,0
EDAH,10R,28L,100,280,600,30,GRS,0
EDAI,10,28,103,283,800,30,GRASS,0
EDAJ,06,24,59,239,915,24,ASPH,0
EDAK,11,29,111,291,1415,48,CON,0
EDAK,11R,29L,111,291,950,40,GRS,0
EDAM,08,26,77,257,1140,30,CON,0
EDAN,09,27,85,265,1200,40,GRS,0
EDAN,18,36,175,355,900,40,grass,0
EDAO,10,28,99,279,895,30,GRS,0
EDAP,11,29,106,286,800,,UNK,0
EDAQ,11,29,109,289,1120,30,ASP,1
EDAR,11,29,113,293,900,40,GRS,0
EDAS,08,26,80,260,955,40,GRS,0
EDAT,08,26,74,254,950,40,GRS,0
EDAU,12,30,116,296,1000,23,ASP,0
EDAU,12R,30L,116,296,600,30,GRS,0
EDAV,10,28,95,275,1538,50,CON,1
EDAW,09L,27R,93,273,1200,40,GRS,0
EDAW,09R,27L,93,273,1200,40,GRS,0
EDAX,07,25,72,252,2380,50,CON,1
EDAY,05,23,45,225,1200,28,CON,1
EDAY,05R,23L,45,225,1200,40,GRS,0
EDAZ,07,25,75,255,1510,23,ASP,1
EDAZ,12G,30G,,,760,40,GRS,0
EDBA,09,27,89,269,870,23,ASP,0
EDBC,07,25,77,257,2500,45,ASP,0
EDBC,07G,25G,77,257,800,40,GRS,0
EDBE,10,28,97,277,730,40,GRS,0
EDBF,10,28,101,281,900,23,ASPH,0
EDBG,09,27,87,267,850,30,GRS,0
EDBH,09,27,88,268,1685,30,ASP,1
EDBI,05,23,52,232,1100,40,GRS,0
EDBJ,02,20,18,198,1170,23,ASP,1
EDBJ,08,26,77,257,620,30,GRS,0
EDBK,14,32,138,318,1000,23,ASP,1
EDBK,14R,32L,138,318,1000,30,GRS,0
EDBL,09,27,87,267,720,30,grass,0
EDBM,09,27,86,266,1000,30,ASP,1
EDBM,09L,27R,86,266,700,30,GRS,0
EDBN,09,27,85,265,2293,45,CON,1
EDBO,08,26,79,259,850,20,ASP,0
EDBO,08R,26L,79,259,750,30,GRS,0
EDBP,01,19,11,191,800,40,GRS,0
EDBP,11,29,111,291,500,40,GRS,0
EDBQ,07,25,73,253,880,40,GRS,0
EDBQ,12,30,116,296,900,40,GRS,0
EDBR,17,35,173,353,2000,30,ASP,1
EDBR,17R,35L,173,353,1200,40,GRS,0
EDBS,07,25,70,250,925,40,GRS,0
EDBT,07,25,67,247,1200,30,CON,0
EDBU,08,26,77,257,830,30,GRS,0
EDBV,05,23,45,225,900,40,GRS,0
EDBW,08,26,79,259,800,28,CON,0
EDBY,15,33,,,900,,UNK,0
EDBZ,08L,26R,,,850,,UNK,0
EDBZ,08R,26L,,,800,,UNK,0
EDCA,09,27,96,276,1000,20,ASP,1
EDCA,09R,27L,96.1,276.1,900,40,GRS,0
EDCB,09,27,,,685,,asfalt,1
EDCE,06,24,56,236,1200,40,GRS,0
EDCG,09,27,82,262,900,18,Asphalt,1
EDCI,10,28,,,880,,UNK,0
EDCJ,06,24,,,900,20,asphalt,1
EDCK,07,25,,,800,,UNK,0
EDCM,03,21,34.1,214.1,1100,28,CON,1
EDCM,03L,21R,34.1,214.1,1100,40,GRS,0
EDCO,11,29,110,290,1450,30,ASP,0
EDCP,13,31,137,317,2400,60,CON,0
EDCQ,11,29,,,1050,,UNK,0
EDCR,08,26,,,640,40,grass,0
EDCS,09A,27D,,,1000,,GRS,0
EDCT,07,25,,,599,30,Grass,0
EDCU,09,27,,,700,40,Grass,0
EDCV,09,27,,,900,,UNK,0
EDCW,08,26,,,640,40,Grass,0
EDCX,04,22,,,1100,40,grass,0
EDCY,03,21,32,212,2000,30,CONC,1
EDDB,06L,24R,69,249,3600,45,ASPH,1
EDDB,06R,24L,69,249,4000,60,concrete,1
EDDC,04,22,41,221,2850,60,CON,1
EDDE,09,27,98,278,2600,50,ASP,1
EDDF,07C,25C,69.6,249.6,4000,60,ASP,1
EDDF,07L,25R,69.6,249.6,2800,45,CON,1
EDDF,07R,25L,69.6,249.6,4000,45,CON,1
EDDF,18,36,180,360,4000,45,CON,1
EDDG,07,25,71,251,2170,45,ASP,1
EDDH,05,23,50.3,230.3,3250,46,ASP,1
EDDH,15,33,152.8,332.8,3666,46,ASP,1
EDDK,06,24,64,244,2459,45,CON,1
EDDK,13L,31R,138,318,3815,60,ASP,1
EDDK,13R,31L,138,318,1863,45,ASP,1
EDDL,05L,23R,53,233,2700,45,CON,1
EDDL,05R,23L,53,233,3000,45,CON,1
EDDM,08L,26R,83.4,263.4,4000,60,CON,1
EDDM,08R,26L,83.4,263.4,4000,60,CON,1
EDDN,10,28,99,279,2700,45,ASP,1
EDDP,08L,26R,85.7,265.7,3600,45,CON,1
EDDP,08R,26L,86,266,3600,60,CON,1
EDDR,08,26,87,267,2000,45,ASP,1
EDDS,07,25,72,252,3345,45,CON,1
EDDS,H-NORTH,,72,,30,30,ASPH,1
EDDS,H-SOUTH,,72,,30,30,ASPH,1
EDDV,09C,27C,92,272,777,23,ASP,0
EDDV,09L,27R,93,273,3790,45,CON,1
EDDV,09R,27L,93,273,2340,45,CON,1
EDDW,05,23,52,232,700,23,ASP,0
EDDW,09,27,88,268,2634,45,ASP,1
EDEG,08,26,,,810,,UNK,0
EDEH,04,22,,,,,G,0
EDEL,01,19,,,450,30,grass,0
EDEN,36,18,,,671,18,A,0
EDEP,15L,33R,,,1047,40,GRASS,0
EDEP,15R,33L,,,1101,40,GRASS,0
EDEQ,08,26,,,900,,UNK,0
EDER,06,24,,,619,14,asphalt,0
EDER,08R,26L,,,366,76,grass,0
EDEW,06,24,,,820,,UNK,0
EDFA,06,24,,,640,30,G,0
EDFB,09,27,,,250,30,Grass,0
EDFB,18,36,,,1300,23,Asphalt,0
EDFC,08,26,,,840,,Asphalt,1
EDFE,08,26,84,264,1400,25,ASP,1
EDFE,08R,26L,86,266,670,30,GRS,0
EDFG,07,25,,,840,25,Gras,0
EDFH,03,21,32,212,3800,45,ASP,1
EDFK,17,35,,,805,,UNK,0
EDFM,09,27,93,273,1066,25,ASP,1
EDFM,09C,27C,92,272,840,30,GRS,0
EDFM,09L,27R,,,800,40,GRASS,0
EDFN,03,21,,,750,30,GRASS,0
EDFO,08,26,,,549,,Asphalt,1
EDFQ,11,29,113,293,1240,30,ASP,1
EDFR,03,21,,,950,20,asphalt,0
EDFS,10,28,,,980,,UNK,0
EDFT,06,24,64,244,680,30,grass,0
EDFV,06,24,61,241,800,23,CON,1
EDFV,06G,24G,61,241,920,30,GRS,0
EDFW,11,29,,,670,21,Asphalt,0
EDFX,14,32,,,840,,UNK,0
EDFY,07,25,70,250,750,20,Asphalt,0
EDFZ,07,25,74,254,1000,22,ASP,1
EDFZ,07R,25L,77,257,1000,80,GRS,0
EDGB,07,25,,,900,,UNK,0
EDGE,10,28,105,285,1720,55,CON,1
EDGM,15,33,,,615,20,Asphalt,0
EDGP,02,20,,,800,,UNK,0
EDGS,04,22,38,218,500,30,GRS,0
EDGS,12G,30G,,,300,30,GRASS,0
EDGS,13,31,128,308,1620,30,ASP,1
EDGS,13G,31G,,,250,30,GRASS,0
EDGS,13L,31R,128,308,600,30,GRS,0
EDGZ,17,35,,,775,,UNK,0
EDHB,09,27,,,500,30,Grass,0
EDHE,09,27,,,1100,,GRASS,0
EDHF,02,20,,,1040,30,CON,0
EDHF,09,27,,,708,40,GRS,0
EDHG,07,25,,,980,,UNK,0
EDHI,05,23,52,232,2630,45,PEM,1
EDHK,08,26,82,262,1260,30,ASP,1
EDHK,08L,26R,81,261,450,35,GRS,0
EDHL,07,25,72,252,2102,60,ASP,1
EDHM,05,23,,,761,15,asphalt,0
EDHO,05,23,,,600,15,Asfalt,0
EDHS,10,28,108,288,650,15,Asphalt,0
EDHW,11,29,,,800,,UNK,0
EDJA,06,24,59,239,2630,45,ASP,1
EDKA,07,25,,,1160,18,Asphalt,0
EDKB,11,29,,,800,,concrete,0
EDKF,04,22,,,600,30,grass,0
EDKH,09,27,,,950,,UNK,0
EDKL,15,33,,,925,30,GRS,0
EDKM,04,22,,,900,,Asphalt,0
EDKN,10,28,104,284,900,30,grass,0
EDKO,07,25,,,750,15,asphalt,0
EDKP,10,28,,,430,30,Grass,0
EDKR,09,27,93,273,900,30,grass,0
EDKU,03,21,32,212,560,30,GRASS,0
EDKV,06,24,58.6,238.6,1070,30,ASP,1
EDKW,07,25,,,810,,UNK,0
EDKZ,07,25,73,253,1170,20,ASP,0
EDLA,05,23,50,230,1055,20,ASP,1
EDLB,07,25,72,252,875,15,ASPHALT,0
EDLC,07,25,,,600,30,GRASS,0
EDLD,08,26,84,264,1500,30,CONCRETE,1
EDLE,06,24,66,246,1553,45,ASP,1
EDLF,07,25,,,675,40,GRASS,0
EDLH,06,24,,,900,,CONCRETE + GRASS. MTOM 2t,0
EDLI,11,29,111,291,1256,20,ASP,1
EDLK,06,24,,,640,30,Grass,0
EDLM,07,25,,,830,,ASPH,0
EDLN,13,31,129,309,1200,30,ASP,1
EDLO,04,22,,,594,20,ASPH,0
EDLO,04G,22G,,,1152,90,GRS,0
EDLP,06,24,57,237,2180,45,ASP,1
EDLR,06,24,,,1190,,UNK,0
EDLS,11,29,108,288,1240,30,ASP,1
EDLT,10,28,,,850,20,ASP,0
EDLV,09,27,92,272,2440,45,PEM,1
EDLW,06,24,61,241,2000,45,ASP,1
EDLZ,07,25,,,820,,UNK,0
EDMA,07,25,71,251,1594,30,ASP,1
EDMA,07R,25L,72,252,1013,30,GRS,0
EDMB,04,22,41,221,1315,23,ASP,0
EDMC,10,28,,,871,30,grass,0
EDMD,10,28,,,625,30,Grass,0
EDME,08,26,87,267,1160,23,ASP,1
EDMG,05,23,,,574,30,grass,0
EDMH,06,24,55,235,725,15,asphalt,0
EDMI,07,25,,,698,30,grass,0
EDMJ,07,25,,,438,12,Asphalt,0
EDMK,07,25,,,850,30,grass,0
EDMK,17,35,,,900,30,grass,0
EDML,06,24,,,900,23,ASP,0
EDMN,15,33,154,334,1149,20,ASP,0
EDMO,04,22,42,222,2286,45,ASP,1
EDMQ,08,26,83,263,700,20,ASPH,0
EDMS,09,27,97,277,1350,30,ASP,1
EDMT,09,27,,,1022,,Grass,0
EDMU,10,28,100,280,560,34,grass,0
EDMV,12,30,121,301,1138,20,ASP,1
EDMY,08,26,,,850,,Concrete,0
EDNA,09,27,,,890,,Grass,0
EDNE,03,21,,,665,30,grass,0
EDNF,16,34,,,,,,0
EDNG,17,35,,,477,14,ASPH,0
EDNH,08,26,,,805,,UNK,0
EDNI,02,20,,,850,,UNK,0
EDNJ,08,26,,,640,30,Grass,0
EDNL,05,23,56,236,1020,20,ASP,1
EDNO,04,22,35,215,750,15,ASPH,0
EDNP,07,25,,,975,30,grass,0
EDNR,10,28,,,645,15,Asphalt,0
EDNS,08,26,,,850,,UNK,0
EDNT,14,32,144,324,645,30,GRASS,0
EDNU,08,26,,,500,30,Grass,0
EDNV,06,24,59,239,597,15,asphalt,0
EDNW,08,26,,,650,30,Grass,0
EDNX,07,25,,,808,16,ASP,0
EDNY,06,24,60,240,2356,45,ASP,1
EDNY,06L,24R,,,659,30,GRASS,0
EDNZ,06,24,,,800,,UNK,0
EDOA,01,19,,,800,,UNK,0
EDOB,07,25,,,700,40,Grass,0
EDOD,10,28,,,1280,,UNK,0
EDOE,06,24,,,950,,UNK,0
EDOE,11,29,,,800,,UNK,0
EDOH,05,23,,,900,,UNK,0
EDOI,12,30,,,860,40,GRS,0
EDOJ,06,24,,,1020,,UNK,0
EDOK,07,25,,,800,,UNK,0
EDOM,10,28,,,450,30,grass,0
EDON,08,26,80,260,2400,50,CON,0
EDOQ,08,26,,,830,,UNK,0
EDOR,08,26,,,840,,UNK,0
EDOS,06,24,,,900,,UNK,0
EDOT,05,23,,,500,30,Grass,0
EDOV,08,26,83,263,1997,52,CON,1
EDOV,08L,26R,83,263,700,40,GRS,0
EDOW,04,22,,,800,,UNK,0
EDOX,07,25,,,1000,,UNK,0
EDOZ,07,25,,,800,,UNK,0
EDPA,09L,27R,89,269,950,25,ASP,0
EDPA,09R,27L,88,268,950,30,GRS,0
EDPB,15,33,,,538,39,grass,0
EDPC,16,34,162,342,770,30,Grass,0
EDPF,11,29,,,840,,UNK,0
EDPH,10,28,97,277,480,15,Asphalt,0
EDPJ,07,25,,,484,8,ASPH,0
EDPM,09,27,86,266,600,10,ASPH,0
EDPT,08,26,,,750,40,GRASS,0
EDPU,16,34,,,900,,UNK,0
EDPY,12,30,,,785,,UNK,0
EDQA,03,21,32,212,1104,24,ASPH,1
EDQC,12,30,118,298,632,20,CONC,1
EDQD,06,24,60,240,1034,30,ASP,1
EDQE,08,26,88,268,972,15,ASP,0
EDQE,08L,26R,87,267,706,26,GRS,0
EDQF,09,27,,,780,,UNK,0
EDQG,08,26,78,258,1982,30,CONC,1
EDQH,07,25,,,700,20,ASP,0
EDQI,07L,25R,73,253,480,8,ASP,0
EDQI,07R,25L,73,253,450,30,GRS,0
EDQK,09,27,85,265,713,49,ASPH,0
EDQL,04,22,44,224,701,30,GRS,0
EDQM,08,26,87,267,1480,30,ASP,1
EDQN,09,27,,,600,15,ASP,0
EDQP,09,27,,,750,20,,0
EDQR,14,32,140,320,518,24,gras,0
EDQT,11,29,113,293,1100,20,ASP,1
EDQW,14,32,,,518,11,Concrete,0
EDQY,07,25,69,249,767,,gras,0
EDQZ,08,26,,,884,,UNK,0
EDRB,05,23,55,235,3056,45,ASP,1
EDRF,08,26,75,255,600,20,ASPH,0
EDRG,06,24,,,650,50,GRASS,0
EDRI,05,23,,,740,30,G,0
EDRJ,07,25,,,800,19,ASPH,0
EDRK,06,24,58,238,1175,20,ASP,1
EDRL,11,29,,,1000,,UNK,0
EDRM,18,36,180,360,732,30,grass,0
EDRP,04,22,,,800,20,ASPH,0
EDRT,05,23,42,222,1200,30,CON,0
EDRY,16,34,165,345,1677,30,ASP,1
EDRY,16R,34L,165,345,1000,30,GRS,0
EDRZ,03,21,30,210,2675,45,CON,1
EDSA,09,27,,,1047,30,GRS,0
EDSB,03,21,32,212,2983,45,ASP,1
EDSG,12,30,,,800,30,GRASS,0
EDSH,10,28,103,283,500,30,Grass,0
EDSI,07,25,,,1183,30,grass,0
EDSK,04,22,,,685,30,Grass,0
EDSL,06,24,,,750,30,grass,0
EDSN,09,27,91,271,1248,30,ASP,1
EDSO,07,25,74,254,500,40,grass,0
EDSP,17,35,,,407,14,Asphalt,0
EDSP,17G,35G,,,250,30,grass,0
EDSR,01,19,11,191,710,30,GRS,0
EDST,06,24,,,520,30,grass-asphalt,0
EDST,12G,30G,,,300,54,GRASS,0
EDST,12L,30R,,,640,29,Grass,0
EDST,12R,30L,,,640,29,GRASS,0
EDSW,07,25,,,840,,UNK,0
EDSX,07,25,77,257,845,30,grass,0
EDSZ,08,26,,,803,,ASHP,1
EDTB,03,21,32,212,750,30,GRS,0
EDTB,03G,21G,35,215,300,30,GRASS,0
EDTB,03L,21R,,,421,30,GRASS,0
EDTC,11,29,,,500,30,grass,0
EDTD,18,36,178,358,1290,30,ASP,1
EDTF,16,34,160,340,1338,30,ASP,1
EDTG,05,23,53,233,1650,45,ASP,0
EDTG,05R,23L,53,233,600,30,GRS,0
EDTH,07,25,,,750,20,CON,1
EDTL,03,21,28,208,3000,45,ASP,1
EDTM,07,25,79,259,1566,,Asphalt,1
EDTM,07L,25R,79,259,700,30,grass,0
EDTN,14,32,,,615,35,GRS,0
EDTO,02,20,,,910,,UNK,0
EDTP,01,19,10,190,610,30,grass,0
EDTQ,10,28,102,282,672,20,ASPH,1
EDTQ,10R,28L,,,722,30,GRASS,0
EDTS,04,22,,,570,20,ASPH,0
EDTW,14,32,,,704,15,ASPH,0
EDTY,10,28,99,279,1540,30,CON,1
EDTY,10L,28R,99,279,750,30,GRS,0
EDTZ,12,30,116,296,1000,27,GRASS,0
EDUA,04,22,,,690,,G,0
EDUF,08,26,80,260,1200,30,CON,0
EDUW,17,35,171,351,1000,50,CON,0
EDUW,17L,35R,170,350,500,30,GRS,0
EDVC,04,22,42,222,900,40,GRASS,0
EDVE,08,26,85,265,2300,45,ASP,1
EDVH,03,21,,,900,40,Grass,0
EDVI,13,31,133,313,814,20,Asphalt,0
EDVJ,11,29,,,950,,UNK,0
EDVK,09,27,95,275,2500,45,ASPH,1
EDVM,07,25,73,253,1220,23,ASP,0
EDVR,11,29,111.3,291.3,606,10,Paved,0
EDVU,08,26,,,800,20,ASPH,0
EDVY,05,23,,,860,,Concrete,1
EDWC,10,28,,,700,20,ASP,1
EDWE,07,25,73,253,1300,30,ASP,1
EDWF,08,26,79,259,1200,20,ASP,1
EDWG,01,19,12,192,500,30,GRS,0
EDWG,09,27,92,272,850,20,ASP,0
EDWH,06,24,,,778,,TURF,0
EDWI,02,20,18,198,1459,30,ASP,1
EDWI,16,34,157,337,615,15,ASP,1
EDWJ,07,25,73,253,700,20,Paved,0
EDWJ,07G,25G,73,253,428,30,Grass,0
EDWJ,12,30,116,296,475,30,Grass,0
EDWL,05,23,51,231,600,15,concrete,0
EDWM,18,36,,,850,,UNK,0
EDWN,05,23,53,233,900,20,ASPH,1
EDWO,09,27,,,800,,UNK,0
EDWQ,08,26,,,836,22,paved,1
EDWR,05,23,45,225,810,40,GRS,0
EDWR,12,30,118,298,870,40,GRS,0
EDWR,13,31,128,308,1000,20,ASP,1
EDWS,16,34,158,338,720,20,ASP,0
EDWU,09,27,87,267,930,32,GRS,0
EDWX,06R,24L,,,570,15,Asphalt,0
EDWY,08,26,81,261,1000,20,ASP,1
EDWZ,09,27,92,272,360,15,concrete,0
EDXA,07,25,,,940,,UNK,0
EDXB,11,29,,,720,23,ASPHALT,0
EDXC,09,27,,,880,,UNK,0
EDXE,10,28,104,284,638,,Gras,0
EDXF,04,22,43,223,700,45,GRS,0
EDXF,11,29,108,288,1220,30,ASP,1
EDXF,11L,29R,113,293,1200,60,GRS,0
EDXG,09,27,,,768,,UNK,0
EDXH,03,21,27,207,371,20,concrete,0
EDXH,06,24,57,237,258,12,concrete,0
EDXH,15,33,147,327,480,30,concrete,0
EDXI,08,26,,,850,,UNK,0
EDXJ,03,21,34.4,214.4,1450,30,ASP,1
EDXK,12,30,117,297,820,30,GRS,0
EDXL,12,30,,,770,,UNK,0
EDXM,07,25,74,254,700,18,Hard,0
EDXN,08,26,,,875,,UNK,0
EDXO,07,25,68,248,670,30,Asphalt,1
EDXP,08,26,81,261,510,20,ASP,0
EDXQ,08,26,,,806,,UNK,0
EDXR,03,21,35,215,960,30,ASP,1
EDXR,12,30,119,299,600,30,GRS,0
EDXS,06,24,,,450,30,G,0
EDXT,03,21,,,500,30,Grass,0
EDXW,06,24,58,238,1696,45,CON,0
EDXW,14,32,142,322,2120,45,CON,1
EDXY,02,20,,,660,40,Grass,0
EDXY,10,28,,,605,40,Grass,0
EDXZ,12,30,,,580,30,Grass,0
EG34,01,19,,,611,,asphalt,0
EG74,06,24,58.4,238.4,3000,60,ASP,0
EG74,06R,24L,59.8,239.8,900,25,GRE,0
EGAA,07,25,65,245,2780,45,ASP,1
EGAA,17,35,162,342,1891,45,ASP,1
EGAB,14,32,140,320,1218,30,ASP,1
EGAC,04,22,35,215,1829,45,ASP,1
EGAD,03,21,36,216,1020,18,ASP,1
EGAD,08,26,81,261,556,18,ASP,0
EGAD,15,33,154,334,644,18,ASP,1
EGAE,08,26,73,253,1969,45,ASP,1
EGAH,08,26,79,259,1000,50,Snow,0
EGAR,18,36,201,21,876,40,GRAVEL,0
EGBB,15,33,148,328,3052,45,ASP,1
EGBD,05,23,52,232,547,20,Grass,0
EGBD,10,28,101,281,453,20,Grass,0
EGBD,17,35,176,356,594,20,Grass,0
EGBF,08,26,82,262,1095,30,Concrete,0
EGBF,11,29,,,850,50,Grass,0
EGBG,04,22,37.8,217.8,490,18,ASP,0
EGBG,06,24,54.8,234.8,335,30,GRS,0
EGBG,10,28,96,276,940,30,ASP,1
EGBG,15,33,148.8,328.8,495,18,ASP,0
EGBG,16,34,150.8,330.8,418,30,GRS,0
EGBJ,03,21,35,215,983,23,ASP,1
EGBJ,08,26,85,265,1431,30,ASP,1
EGBK,03L,21R,26,206,1268,30,Concrete,1
EGBK,03R,21L,26,206,671,30,Grass,0
EGBK,05,23,54,234,602,30,Grass,0
EGBK,15,33,146,326,450,18,Grass,0
EGBM,08,26,76,256,1190,28,Asphalt,1
EGBN,03,21,27.8,207.8,821,23,ASP,0
EGBN,09,27,88,268,1050,30,ASP,1
EGBO,04,22,37.3,217.3,635,18,ASP,0
EGBO,10,28,97,277,800,23,ASP,0
EGBO,16,34,156,336,1182,30,ASP,1
EGBP,08,26,80.4,260.4,2009,45,ASP,1
EGBP,08L,26R,86,266,450,20,GRS,0
EGBS,08,26,86,266,836,18,ASPH,1
EGBT,03,21,,,490,20,Grass,0
EGBT,09,27,87,267,1256,23,Asphalt,0
EGBT,09G,27G,88,268,757,23,Grass,0
EGBW,05,23,46,226,587,18,ASP,0
EGBW,18,36,176,356,917,23,ASP,1
EGCA,11,29,110,290,660,20,Grass,0
EGCB,02,20,14,195,533,32,GRASS,0
EGCB,08L,26R,83,263,641,32,GRASS,0
EGCB,08R,26L,83,263,625,32,GRASS,0
EGCB,14,32,134,314,398,32,GRASS,0
EGCC,05L,23R,51,231,3048,45,ASP,1
EGCC,05R,23L,51,231,3050,45,CON,1
EGCF,04,22,,,886,18,UNK,0
EGCG,08,26,,,821,,asphalt,0
EGCJ,01,19,1,19,585,18,Grass,0
EGCJ,06,24,61,241,793,18,Grass,0
EGCJ,11R,29L,106,286,616,18,Grass,0
EGCK,02,20,13.2,193.2,1077,23,ASP,0
EGCK,07,25,71,251,880,23,ASP,1
EGCL,08,26,,,670,18,Grass,0
EGCL,18,36,183,3,600,30,Grass,0
EGCS,09,27,,,820,,ASP,0
EGCS,14,32,,,460,,ASP,0
EGCV,05,23,48,228,799,46,Asphalt,1
EGCV,18,36,181,1,775,18,Asphalt,0
EGCW,04,22,36,216,1020,18,ASP,0
EGDC,10,28,90.2,270.2,1833,46,ASP,1
EGDJ,05,23,,,,,Grass,0
EGDM,05,23,50,230,3212,46,PEM,1
EGDM,05N,23N,,,766,,ASP,0
EGDM,17,35,167,347,1914,46,PEM,0
EGDN,04,22,,,640,,Grass,0
EGDN,11,29,,,1092,,Grass,0
EGDO,01,19,3.5,183.5,1405,46,ASP,0
EGDO,05,23,39,219,1824,46,ASP,0
EGDO,10,28,93.5,273.5,1309,46,ASP,0
EGDO,13,31,129.5,309.5,916,46,ASP,0
EGDR,06,24,63,243,1028,46,ASP,1
EGDR,11,29,113,293,1831,46,ASP,1
EGDR,18,36,178.5,358.5,1051,46,ASP,1
EGDW,03,21,,,1294,,UNK,0
EGDW,09,27,,,1831,,UNK,0
EGDW,16,34,,,1129,,UNK,0
EGDX,07,25,73,253,1828,43,ASP,1
EGDY,04,22,37,217,1462,46,CON,1
EGDY,08,26,83.1,263.1,2310,46,CON,1
EGEC,11,29,106,286,1412,30,ASP,1
EGED,07,25,66,246,527,18,Graded Hardcore,0
EGED,18,36,182,362,578,30,Grass,0
EGEF,06,24,62,242,537,23,Gravel,0
EGEI,07,25,,,771,23,Asphalt,0
EGEL,02,20,23,203,500,18,ASP,0
EGEN,03,21,31,211,330,48,Graded Hardcore,0
EGEN,10,28,99,279,527,18,Graded Hardcore,0
EGEN,14,32,136,316,378,30,Grass,0
EGEO,01,19,6,186,1264,30,ASP,1
EGEP,04,22,32,212,527,18,Graded Hardcore,0
EGEP,07,25,64,244,334,18,Grass/Graded Hardcore,0
EGEP,18,36,176,356,343,31,Grass,0
EGER,02,20,25,205,515,18,Graded Hardcore,0
EGER,06,24,58,248,411,30,Grass,0
EGES,03,21,26,206,467,18,Graded Hardcore,0
EGES,11,29,105,285,426,30,Grass,0
EGES,17,35,165,345,386,30,Grass,0
EGET,02,20,16,196,1764,18,Asphalt,1
EGEW,01,19,11,191,291,18,Grass,0
EGEW,09,27,88,268,527,18,Graded Hardcore,0
EGEW,13,31,133,313,421,18,Grass,0
EGEW,H,,,,16,16,ASP,0
EGEY,11,29,105,285,501,18,asphalt,0
EGFA,08,26,72,252,924,23,ASP,1
EGFD,05,23,47,227,1319,46,ASP,0
EGFD,15,33,150.1,330.1,1282,46,ASP,0
EGFD,17,35,169.7,349.7,2286,46,ASP,1
EGFE,03,21,30,210,1524,45,ASP,1
EGFE,09,27,88.3,268.3,1040,45,ASP,0
EGFF,12,30,117,297,2354,45,ASP,1
EGFH,04,22,36,216,1350,46,CON,1
EGFH,10,28,97,277,857,46,ASP,1
EGFP,04,22,36,216,797,30,Concrete/Asphalt,0
EGGD,09,27,87,267,2011,45,ASP,1
EGGP,09,27,86,266,2285,46,ASP,1
EGGW,07,25,74,254,2162,45,ASP,1
EGHA,08,26,79,259,799,30,Grass,0
EGHC,02,20,23,203,483,19,Grass,0
EGHC,07,25,68,248,693,18,ASPH,0
EGHC,12,30,116,,479,18,Grass,0
EGHC,16,34,162,342,784,18,ASPH,0
EGHE,09,27,87,267,522,18,ASP,1
EGHE,14,32,139,319,694,23,asphalt,1
EGHF,05,23,,,1029,30,Asphalt,0
EGHG,09,27,94,274,1182,37,Grass,0
EGHH,08,26,75,255,2272,46,ASP,1
EGHI,02,20,19,199,1887,36,ASP,1
EGHJ,12,30,,,827,23,Concrete,0
EGHL,09,27,86,266,1797,40,ASP,0
EGHN,05,23,,,884,40,GRASS,0
EGHO,07,25,,,969,23,Asphalt,1
EGHO,12,30,,,760,31,Grass,0
EGHP,03,21,30,210,900,25,Grass,0
EGHP,08,26,80,260,890,25,Grass,0
EGHQ,12,30,122,302,2744,45,ASP,1
EGHR,06,24,,,855,30,GRS,0
EGHR,10,28,,,700,30,GRS,0
EGHR,14,32,,,1262,31,GRS,0
EGHS,06,24,62,242,725,26,Asphalt,0
EGHU,08,26,,,600,,Grass,0
EGHY,14,32,,,540,18,GRASS,0
EGJA,03,21,27,207,497,37,grass,0
EGJA,08,26,80,260,877,18,ASP,1
EGJA,13,31,133,313,733,37,grass,1
EGJB,09,27,88,268,1583,45,ASP,1
EGJJ,08,26,83,263,1705,45,ASP,1
EGKA,02,20,22,202,1032,18,ASP,1
EGKA,06,24,64,244,799,25,GRASS,0
EGKA,13,31,125,305,408,18,GRASS,0
EGKB,03,21,25,205,1806,45,ASP,1
EGKH,03,21,,,,,Grass,0
EGKH,10,28,107,287,1250,30,Grass,0
EGKK,08L,26R,78,258,2561,45,ASP,1
EGKK,08R,26L,78,258,3317,45,ASP,1
EGKL,06,24,,,457,27,Grass,0
EGKR,06,24,,,500,10,ASPH,0
EGKR,07H,25H,,,175,30,Grass,0
EGKR,07L,25R,,,683,23,Grass,1
EGKR,07R,25L,,,897,30,Grass,0
EGKR,18,36,,,851,25,Grass,0
EGLA,03,21,,,480,18,Grass,0
EGLA,13,31,132,312,610,18,Grass,0
EGLC,09,27,93,273,1508,30,CON,1
EGLD,06,24,59,239,775,18,ASP,1
EGLD,12,30,118,298,546,18,Grass,0
EGLF,06,24,62,242,2440,45,ASP,1
EGLJ,06,24,59,239,1289,46,ASP,1
EGLJ,13,31,123.9,303.9,1801,46,ASP,1
EGLJ,18,36,178,358,1270,46,ASP,1
EGLK,07,25,72,252,1335,46,ASP,1
EGLL,09L,27R,90,270,3901,50,ASP,1
EGLL,09R,27L,90,270,3658,50,ASP,1
EGLM,03,21,,,1025,45,GRS,0
EGLM,07L,25R,,,1110,45,GRS,0
EGLM,07R,25L,65,245,788,25,Grass,0
EGLM,11,29,,,930,30,GRS,0
EGLP,06,24,,,620,25,grass,0
EGLS,06,24,,,781,50,Grass,0
EGMA,07,25,65,245,704,30,GRASS,0
EGMC,05,23,54,234,1856,36,ASP,1
EGMD,03,21,33,213,1505,32,ASP,1
EGMF,06,24,,,380,20,Grass,0
EGMJ,10,28,,,570,18,Grass,0
EGMT,07L,25R,,,805,,grass,0
EGNC,01,19,1.12,181.12,885,23,ASP,0
EGNC,06,24,59,239,1829,30,ASP,1
EGNE,02,20,25,205,1199,23,ASP,1
EGNE,14,32,142,322,800,18,ASP,0
EGNF,06,24,56,236,563,36,Grass,0
EGNF,18,36,178,358,382,18,Grass,0
EGNG,06,24,,,710,20,Grass,0
EGNH,10,28,95,275,1868,45,ASP,1
EGNH,13,31,127,307,998,24,ASP,1
EGNI,03,21,,,799,23,G,0
EGNI,11,29,,,650,23,G,0
EGNJ,02,20,22,202,2200,45,ASP,1
EGNJ,08,26,82,262,990,18,ASP,0
EGNL,05,23,56,236,1048,46,ASP,1
EGNL,17,35,166,346,1011,46,ASP,1
EGNM,14,32,138,318,2250,46,CON,1
EGNO,07,25,71,251,2422,46,ASP,1
EGNR,04,22,41,221,2093,45,ASP,1
EGNS,03,21,28,208,1199,46,ASP,1
EGNS,08,26,78,258,2110,46,ASP,1
EGNT,07,25,65,245,2330,45,ASP,1
EGNU,04,22,35,215,772,,Grass,0
EGNU,07,25,,,400,20,Tarmac,0
EGNU,16,34,,,750,21,,0
EGNV,05,23,48,228,2291,45,ASP,1
EGNW,03,21,27,207,530,18,Asphalt,0
EGNW,16,34,152,332,497,18,Asphalt,0
EGNX,09,27,88,268,2894,45,ASP,1
EGNY,12,30,,,710,30,Grass,0
EGOE,05,23,43,223,980,46,ASP,1
EGOE,10,28,99,279,948,46,ASP,1
EGOQ,04,22,37,217,1579,46,ASP,1
EGOS,04,22,45,225,1379,46,ASP,1
EGOS,18,36,180,360,1834,46,ASP,1
EGOV,01,19,6.3,186.3,1639,46,ASP,1
EGOV,13,31,131,311,2290,46,ASP,1
EGOW,03,21,33,213,1647,46,ASP,1
EGOW,08,26,83,263,1068,45,ASP,1
EGOW,16,34,162,342,1003,45,,0
EGPA,09,27,87,267,1430,45,ASP,1
EGPA,14,32,140,320,677,19,ASP,0
EGPB,06H,24H,53,233,543,44,ASP,0
EGPB,09,27,84,264,1498,44,ASP,1
EGPB,15,33,144,324,1424,43,ASP,1
EGPC,13,31,127,307,1831,45,ASP,1
EGPD,16,34,158,338,1953,46,ASP,1
EGPE,05,23,49,229,1888,45,ASP,1
EGPE,11,29,110,290,701,18,ASP,0
EGPF,05,23,46,226,2661,45,ASP,1
EGPG,07,25,76,256,820,23,ASPH,1
EGPH,06,24,59,239,2558,45,ASP,1
EGPI,07,25,73,253,635,18,ASP,1
EGPI,12,30,112,292,1554,30,ASP,1
EGPJ,06,24,,,700,18,Asphalt,0
EGPK,02,20,24,204,1906,45,ASP,1
EGPK,12,30,121,301,2987,45,PEM,1
EGPL,06,24,55,235,1837,46,ASP,1
EGPL,17,35,167,347,1208,46,ASP,1
EGPN,09,27,91,271,1400,30,ASP,1
EGPO,06,24,60,240,1000,23,ASP,1
EGPO,18,36,174.3,354.3,2200,46,ASP,1
EGPR,07,25,,,799,60,Sand,0
EGPR,11,29,,,680,46,Sand,0
EGPR,15,33,,,846,46,Sand,0
EGPS,10,28,,,500,15,Concrete,0
EGPT,03,21,32,212,853,27,Asphalt,1
EGPT,09,27,92,272,609,22,Asphalt,1
EGPT,15,33,153,333,620,36,Grass,0
EGPU,05,23,47,227,1402,30,ASP,1
EGPU,11,29,109.5,289.5,820,19,ASP,1
EGPU,17,35,168,348,792,18,CON,0
EGQL,08,26,82,262,2588,46,ASP,1
EGQS,05,23,43.7,223.7,2771,46,ASP,1
EGQS,10,28,96.5,276.5,1849,46,ASP,1
EGSA,02,20,22,202,862,18,UNK,0
EGSC,05,23,50,230,1964,45,ASP,1
EGSF,10,28,94,274,987,23,ASP,1
EGSG,03L,21R,37,217,1001,46,grass,0
EGSG,03R,21L,37,217,1059,46,grass/asphalt,1
EGSG,10,28,100,280,656,46,grass,0
EGSH,09,27,90,270,1842,45,Concrete/Asphalt,1
EGSI,03,21,,,800,21,Grass,0
EGSJ,06,24,61,241,800,18,UNK,0
EGSL,09,27,,,0,0,UNK,0
EGSL,09L,27R,87,267,799,,Grass,1
EGSL,09R,27L,87,267,799,,Grass,1
EGSM,09,27,93,273,966,18,GRS,0
EGSP,06,24,64,244,935,30,Grass,1
EGSP,15,33,143,323,551,18,Grass,1
EGSQ,18,36,181,1,598,18,Grass,0
EGSR,06L,24R,61,241,939,30,Grass,1
EGSR,06R,24L,61,241,778,10,Asphalt,0
EGSS,04,22,44,224,3049,46,ASP,1
EGST,05,23,49,229,890,26,Grass,1
EGSU,06,24,60,240,1448,45,ASP,0
EGSU,06L,24R,59,239,880,25,GRS,0
EGSV,02,20,20,200,428,18,Grass,0
EGSV,07,25,65,245,798,18,Asphalt,0
EGSV,07L,25R,64,244,407,23,Grass,0
EGSX,02,20,18,198,1930,45,ASP,0
EGTB,06,24,62,242,735,23,ASP,1
EGTB,06G,24G,62,242,610,23,GRS,0
EGTC,03,21,32,212,1799,45,ASP,1
EGTD,07,25,,,1880,45,ASP,1
EGTE,08,26,76,256,2076,45,ASP,1
EGTF,06,24,59,239,813,27,asphalt,1
EGTH,02,20,,,799,18,Grass,0
EGTK,01,19,11,191,1526,30,ASP,1
EGTO,02L,20R,23,203,827,32,Grass,0
EGTP,05,23,44,224,940,18,ASP,0
EGTP,09,27,87,267,750,23,ASP,0
EGTR,08,26,80,260,651,20,Asphalt,1
EGTU,04,22,44,224,968,45,ASP,0
EGTU,17,35,170,350,963,46,ASP,0
EGTW,04,22,,,850,25,Grass,0
EGTW,17,35,,,785,20,Grass,0
EGUB,01,19,8,188,1823,46,ASP,1
EGUD,08,26,,,1067,,Asphalt,0
EGUD,18,36,,,1802,,Asphalt,0
EGUL,05,23,56,236,2743,46,PEM,1
EGUN,10,28,103,283,2808,61,PEM,1
EGUW,05,23,48,228,2424,46,ASP,1
EGVA,09,27,88,268,3046,61,ASP,1
EGVN,07,25,74,254,3050,56,ASP,1
EGVO,09,27,93,273,1838,43,ASP,1
EGVP,04H,22H,,,300,25,ASP,0
EGVP,09,27,,,1096,45,Grass,0
EGVP,17,35,,,1181,45,Grass,0
EGWC,06,24,58,238,1186,46,ASP,0
EGWE,02,20,,,959,46,Grass,0
EGWE,09L,27R,,,762,23,Grass,0
EGWE,09R,27L,,,966,46,Grass,0
EGWE,13,31,,,800,46,Grass,0
EGWN,02,20,21,201,938,45,Grass,0
EGWN,07,25,72,252,849,45,Grass,0
EGWU,07,25,69.7,249.7,1690,46,ASP,1
EGXC,07,25,72,252,2744,57,CON,1
EGXE,16,34,156,336,2291,46,ASP,1
EGXG,06,24,54.7,234.7,1877,46,ASP,1
EGXG,16,34,155.7,335.7,1666,46,ASP,1
EGXH,09,27,81,261,2747,61,ASP,1
EGXT,07,25,74,254,2759,61,ASP,1
EGXW,02,20,22,202,2939,60,ASP,1
EGXY,06,24,63,243,1827,46,ASP,0
EGXY,15,33,151,331,1347,46,ASP,0
EGXZ,02,20,22,202,1813,45,ASP,1
EGXZ,13,31,126,306,1246,45,ASP,1
EGYD,01,19,8,188,1464,45,ASP,1
EGYD,08,26,83,263,2082,45,ASP,1
EGYD,08R,26L,89,264,717,40,GRS,0
EGYE,06,24,58,238,1744,46,ASP,1
EGYE,10,28,103,283,1278,46,ASP,1
EGYE,18,36,178,358,795,23,ASP,0
EGYM,01,19,9,189,1864,45,CON,1
EGYM,05,23,55,235,2783,45,ASP,1
EGYP,05,23,55,235,1525,23,ASP,1
EGYP,10,28,105,285,2590,46,ASP,1
EGZL,3,21,,,900,,grass,0
EHAL,08,26,84,265,890,25,Grass,0
EHAM,04,22,41,221,2020,45,ASP,1
EHAM,06,24,58,238,3439,45,ASP,1
EHAM,09,27,87,267,3453,45,ASP,1
EHAM,18C,36C,183,3,3300,45,ASP,1
EHAM,18L,36R,183,3,3400,45,ASP,1
EHAM,18R,36L,183,3,3800,60,ASP,1
EHBD,03,21,30,210,1199,23,ASP,1
EHBD,03G,21G,27,208,600,30,grass,0
EHBK,03,21,30,205,2750,45,ASP,1
EHDL,02,20,18,198,2950,50,PEM,1
EHDR,07,25,74,255,730,24,CON,0
EHEH,03,21,31,213,3000,45,ASP,1
EHGG,05,23,52,232,2500,45,ASP,1
EHGR,02,20,16,197,1996,30,ASP,1
EHGR,10,28,98,279,2768,45,ASP,1
EHHO,09,27,92,272,1190,24,Grass,0
EHHV,07,25,63,244,600,50,grass,0
EHHV,12,30,120,301,660,50,grass,0
EHHV,18,36,177,358,700,50,grass,0
EHKD,03,21,30,212,1275,30,CON,1
EHLE,05,23,46,225,2700,45,ASPH,1
EHLW,05,23,53,233,2452,50,ASP,1
EHLW,09,27,88,268,2000,50,ASP,1
EHMZ,09,27,87,267,1000,30,grass,0
EHOW,06,24,64,245,800,20,Asphalt,0
EHRD,06,24,56,235,2200,45,ASP,1
EHSE,06,24,63,245,830,23,ASPH,0
EHST,06,24,58,238,500,30,grass,0
EHTE,08,26,84,264,1199,27,ASPH,1
EHTE,08G,26G,,,974,100,grass,0
EHTL,04C,22C,40,219,1250,213,grass,0
EHTL,04L,22R,40,220,1219,152,grass,0
EHTL,04R,22L,39,219,1250,213,grass,0
EHTL,12,30,119,300,1097,171,grass,0
EHTL,14L,32R,138,320,1372,277,grass,0
EHTL,14R,32L,139,320,1372,277,grass,0
EHTW,05,23,56,236,2987,45,ASP,1
EHTX,03,21,34,214,1109,40,grass,0
EHTX,12,30,124,304,622,40,grass,0
EHVK,06L,24R,56,235,3024,46,ASP,1
EHVK,06R,24L,55,236,3027,23,ASP,1
EHWO,07,25,67,248,2443,45,ASP,1
LE83,17,35,172.3,352.3,1002,12,ASP,0
LE84,09,27,85.1,265.1,1126,9,ASP,0
LEAB,09,27,87.4,267.4,2700,60,ASP,1
LEAL,10,28,99.7,279.7,3000,45,ASP,1
LEAM,07,25,73,253,3200,45,ASP,1
LEAP,17,35,,,493,21,paved,0
LEAS,11,29,109,289,2200,45,ASP,1
LEAX,12,30,123,303,959,20,asphalt,0
LEBA,03,21,29,209,2241,45,ASP,1
LEBB,10,28,97,277,1910,45,ASP,1
LEBB,12,30,116.6,296.6,2600,45,ASP,1
LEBE,09,27,88,268,1450,30,ASP,0
LEBE,15,33,147.6,327.6,750,30,ASP,0
LEBG,04,22,45,225,2100,45,ASP,1
LEBL,02,20,19,199,2530,45,ASP,1
LEBL,06L,24R,66,246,3353,60,ASP,1
LEBL,06R,24L,66,246,2660,60,ASP,1
LEBZ,13,31,126,306,2850,60,ASP,1
LECA,04,22,,,,,,0
LECA,18,36,,,,,,0
LECD,07,25,69,249,1150,23,ASP,0
LECF,13,31,,,810,50,,0
LECH,06,24,57,237,2700,45,Asphalt,1
LECI,09,27,,,855,18,ASP,0
LECN,18,36,,,950,,concrete,0
LECO,03,21,31,211,2188,45,ASP,1
LECT,14,32,133,313,1535,30,ASP,1
LECU,09,27,94,274,1500,30,ASP,1
LECU,09L,27R,94,274,822,45,GRASS,0
LECU,H1,,,,40,30,ASPH,0
LEDA,13,31,133,313,2500,61,hard,1
LEDE,16,34,,,65,,compacted soil,0
LEFM,16,34,151.4,331.4,1000,18,ASP,0
LEGA,18,36,181.4,1.3,1300,30,ASP,0
LEGC,15,33,,,1600,17,Asphalt,0
LEGE,01,19,14,194,2400,45,ASP,1
LEGR,09,27,89.5,269.5,2900,45,ASP,1
LEGT,04,22,45,225,2480,60,ASP,1
LEGT,05R,23L,44.9,224.9,920,30,GRE,0
LEGY,02,20,,,244,14,asphalt,0
LEGY,09,27,,,366,15,asphalt,0
LEHC,12L,30R,122,302,615,12,Asphalt,0
LEHC,12R,30L,122,302,2100,45,Asphalt,1
LEIB,06,24,62.1,242.1,2800,45,ASP,1
LEIG,16,34,,,860,17,ASP,0
LEIZ,10,28,95,275,1529,23,ASP,0
LEJR,02,20,21.4,201.4,2300,45,ASP,1
LELA,07,25,73.8,253.8,1472,23,ASP,0
LELC,05L,23R,46.1,226.1,1577,45,ASPH,0
LELC,05R,23L,45.8,225.8,2320,45,ASPH,1
LELL,13,31,,,1049,30,ASPH,0
LELN,05,23,46,227,3000,45,ASP,1
LELO,11,29,,,2200,45,CON,0
LELT,12,30,,,808,18,ASPHALT,0
LEMD,14L,32R,144.2,324.2,3500,60,ASP,1
LEMD,14R,32L,144.2,324.2,3988,60,ASP,1
LEMD,18L,36R,181,1,3500,60,ASP,1
LEMD,18R,36L,181,2,4350,60,ASP,1
LEMF,12,30,,,700,18,concrete,0
LEMG,12,30,119,299,2750,45,ASP,1
LEMG,13,31,133,313,3200,45,ASP,1
LEMH,01,19,8,188,2550,45,ASP,1
LEMI,05,23,46,226,3000,45,ASPH,1
LEMO,02,20,19.8,199.8,3597,61,ASP,1
LEMP,15,33,,,850,30,Compacted Earth,0
LEMR,10,28,91.7,271.7,1000,30,ASP,0
LEMT,08,26,,,950,26,ASP,0
LEMU,12,30,112,296,1000,23,ASP,0
LENA,10,28,,,786,18,Asfalt,0
LENE,08,26,,,1400,23,paved,0
LEOC,11,29,107.3,287.3,1260,18,ASP,0
LEOC,17,35,167.3,347.3,895,100,GRE,0
LEOS,08,26,,,1212,22,Asfalt,0
LEPA,06L,24R,58.6,238.6,3270,45,ASP,1
LEPA,06R,24L,58.6,238.6,3000,45,ASP,1
LEPI,12,30,118,298,927,18,ASPH,0
LEPP,03,21,,,1,,UNK,0
LEPP,15,33,152,332,2207,45,ASP,1
LEPZ,14,32,137.2,317.2,1020,18,ASP,0
LERE,12,30,,,995,18,ASP,0
LERI,07,25,64.9,244.9,938,45,ASP,1
LERL,10,28,,,4100,60,asp,1
LERM,01,19,7,187,1000,10,ASP,0
LERO,04,22,36,216,1200,45,ASP,0
LERP,05,23,,,305,15,rough,0
LERP,09,27,,,213,14,rough,0
LERS,07,25,68.9,249,2455,45,ASP,1
LERT,10,28,96.9,276.9,3690,61,ASP,1
LESA,03,21,28,208,2513,45,ASP,1
LESA,08,26,74,254,1864,122,GRE,0
LESB,05,23,51,231,1200,23,ASP,0
LESL,02,20,20,200,1850,23,ASP,0
LESO,04,22,39,219,1754,45,ASP,1
LEST,17,35,166,346,3200,45,ASP,1
LESU,03,21,31,211,1267,28,ASP,1
LETC,07,25,,,850,18,asphalt,0
LETI,05,23,47,227,1000,15,ASP,0
LETI,05L,23R,40.9,220.9,600,60,GRE,0
LETL,18,36,,,2825,45,ASPH,1
LETO,04,22,43,223,4818,60,PEM,1
LEVC,12,30,116,296,2700,45,ASP,1
LEVD,05,23,45.2,225.2,3000,60,ASP,1
LEVD,15,33,144,324,907,60,GRE,0
LEVF,08,26,,,1000,25,ASP,0
LEVT,04,22,35.9,215.9,3500,45,CON,1
LEVX,01,19,11.4,191.4,2400,45,ASP,1
LEXJ,11,29,110.1,290.1,2320,45,ASP,1
LEZG,12L,30R,120,300,3000,45,ASP,1
LEZG,12R,30L,120,300,3718,45,ASP,1
LEZL,09,27,90,270,3362,45,ASP,1
LF50,07,25,65,245,960,15,ASP,0
LF51,17,35,161,341,2000,30,ASP,0
LFAB,13,31,,,820,,UNK,0
LFAC,06,24,61,241,1535,45,ASP,1
LFAC,H,,,,13,13,ASP,0
LFAD,05,23,,,900,,UNK,0
LFAE,05,23,,,900,18,paved,0
LFAF,17,35,,,985,,UNK,0
LFAG,09,27,91,271,1390,30,ASP,0
LFAI,05,23,53,233,955,20,ASP,0
LFAJ,04,22,,,1000,,UNK,0
LFAK,07,25,,,0,0,UNK,0
LFAL,08,26,84,264,1435,80,Grass,0
LFAM,06,24,57,237,914,46,grass,0
LFAO,12,30,120,300,1060,20,ASP,0
LFAP,06,24,,,760,60,GRS,0
LFAQ,08,26,90,270,2200,45,ASP,1
LFAQ,08R,26L,,,1000,80,Grass,0
LFAS,06,24,,,850,,UNK,0
LFAT,13,31,133,313,1850,40,ASP,1
LFAV,06,24,,,625,50,GRS,0
LFAV,11,29,110,290,1708,45,ASP,1
LFAV,11L,29R,,,620,50,GRASS,0
LFAY,12,30,116,296,1300,25,ASP,1
LFBA,11,29,112,292,2165,30,ASP,1
LFBC,06,24,57,237,2408,45,ASP,1
LFBD,05,23,46,226,3100,45,ASP,1
LFBD,11,29,107,287,2415,45,ASP,1
LFBE,09,27,94,274,2205,45,ASP,1
LFBF,12,30,115,295,1800,45,ASP,1
LFBG,05,23,50,230,2423,45,PEM,1
LFBG,08,26,84,264,1814,60,MAC,1
LFBH,09,27,93,273,2255,45,ASP,1
LFBI,03,21,32,212,2350,45,ASP,1
LFBK,17,35,167,347,1900,45,ASP,1
LFBL,03,21,34,214,2500,45,ASP,1
LFBM,09,27,87,267,3603,45,PEM,1
LFBN,07,25,68,248,1760,30,ASP,1
LFBO,14L,32R,143,323,3000,45,ASP,1
LFBO,14R,32L,143,323,3500,45,ASP,1
LFBP,13,31,125,305,2500,45,ASP,1
LFBR,12,30,117,297,1100,30,ASP,1
LFBS,09,27,,,800,,UNK,0
LFBT,02,20,20,200,3000,45,ASP,1
LFBU,10,28,97,277,1810,45,ASP,1
LFBX,11,29,114,294,1750,30,ASP,1
LFBY,07,25,,,800,,UNK,0
LFBZ,09,27,89,269,2250,45,ASP,1
LFCA,18,36,,,800,,UNK,0
LFCB,01,19,,,750,,GRS,0
LFCC,13,31,129,309,1500,30,ASP,1
LFCD,13,31,,,1240,60,Grass,0
LFCE,05,23,,,675,20,ASP,0
LFCF,11,29,111,291,900,30,Paved,0
LFCG,15,33,154,334,1100,30,ASP,0
LFCH,07L,25R,74,254,1346,23,ASP,1
LFCH,07R,25L,74,254,1284,60,GRS,0
LFCI,09,27,90,270,1560,30,ASP,1
LFCJ,14L,32R,,,1370,,UNK,0
LFCJ,14R,32L,,,1370,,UNK,0
LFCK,14,32,141,321,1825,30,CON,1
LFCL,15,33,155,335,950,23,ASP,0
LFCM,14,32,142,322,1700,30,ASP,1
LFCN,14L,32R,,,1000,23,Paved,0
LFCN,14R,32L,,,950,,G,0
LFCO,07L,25R,,,1080,50,GRS,0
LFCO,07R,25L,,,1030,50,GRS,0
LFCP,13,31,,,1250,80,grass,0
LFCQ,09,27,97,277,965,20,ASP,0
LFCR,13,31,130,310,2040,45,ASP,1
LFCS,03,21,,,800,20,paved,0
LFCT,12,30,,,1050,100,G,0
LFCU,10,28,100,280,1350,30,ASP,0
LFCU,10R,28L,,,900,50,GRS,0
LFCV,13,31,,,1025,,UNK,0
LFCW,10,28,103,283,1040,18,ASP,0
LFCX,10,28,,,900,,UNK,0
LFCY,10,28,102,282,1255,30,ASP,1
LFCZ,08,26,82,262,1040,20,ASP,1
LFDA,12,30,115,295,1000,30,ASP,0
LFDB,13,31,135,315,980,20,ASP,1
LFDC,15,33,153,333,790,60,sand,0
LFDE,07,25,,,815,,UNK,0
LFDF,10,28,,,1200,,UNK,0
LFDG,07,25,,,1120,,GRASS,0
LFDH,18,36,184,4,1900,30,Concrete,1
LFDH,36,18,4,184,1900,30,ASP,1
LFDI,04,22,35,215,1100,20,ASP,0
LFDJ,09,27,92,272,1300,30,ASP,1
LFDK,14,32,136,316,770,18,paved,0
LFDL,08,26,83,263,790,60,GRS,0
LFDM,11,29,107,287,1200,30,ASP,1
LFDN,12,30,123,303,2280,45,ASP,1
LFDP,10,28,,,1000,,UNK,0
LFDR,08,26,,,950,,UNK,0
LFDT,08,26,,,830,,UNK,0
LFDU,06,24,,,900,60,Grass,0
LFDV,02,20,,,1065,,UNK,0
LFDX,17,35,,,720,,grass,0
LFEA,06,24,,,660,25,ASP,0
LFEB,07,25,,,830,30,ASP,0
LFEC,05,23,,,833,24,paved,0
LFED,10,28,94,274,1120,30,ASP,1
LFEF,10,28,,,700,25,CONCRETE,1
LFEF,10L,28R,,,700,60,grass,0
LFEG,03L,21R,,,630,18,ASP,0
LFEG,03R,21L,,,830,65,GRS,0
LFEH,06,24,60,240,1015,20,ASP,0
LFEI,14,32,,,850,,UNK,0
LFEJ,04,22,,,800,,UNK,0
LFEK,11,29,,,920,,UNK,0
LFEK,18,36,,,950,,UNK,0
LFEL,04,22,,,800,,UNK,0
LFEM,05,23,,,1200,50,grass,0
LFEM,05C,23C,,,900,80,GRS,0
LFEM,05L,23R,,,300,40,GRS,0
LFEN,04,22,35,215,700,18,HARD,0
LFEN,04R,22L,35,213,330,20,Unpaved,0
LFEP,03,21,,,850,,UNK,0
LFEQ,11,29,112,292,775,25,PAVED,0
LFER,05,23,,,840,,UNK,0
LFES,02,20,23,203,1500,30,ASP,1
LFET,01,19,13,193,1050,100,Turf,0
LFET,11,29,107,287,1040,60,Turf,0
LFEU,06,24,,,940,,UNK,0
LFEV,07L,25R,75,255,860,80,grass,0
LFEV,07R,25L,75,255,800,18,paved,0
LFEW,05,23,54,234,730,20,Asphalt,0
LFEX,18,36,,,980,,UNK,0
LFEY,04,22,36,216,575,50,GRS,0
LFEY,14,32,143,323,1220,25,ASP,1
LFEZ,04,22,,,940,,UNK,0
LFEZ,09,27,,,940,,UNK,0
LFEZ,14,32,,,1000,,UNK,0
LFFB,10,28,,,800,,UNK,0
LFFC,04,22,,,900,,UNK,0
LFFC,12,30,,,900,,UNK,0
LFFD,05,23,,,1100,,UNK,0
LFFG,04,22,,,850,50,GRS,0
LFFH,04,22,,,930,,UNK,0
LFFI,07,25,73,254,1200,25,ASP,1
LFFJ,09,27,93,273,660,60,grass,0
LFFK,08,26,,,960,,UNK,0
LFFL,08,26,,,780,,UNK,0
LFFL,18,36,,,780,,UNK,0
LFFN,10,28,99,279,2450,45,CON,0
LFFO,10,28,98,278,600,20,Grass,0
LFFO,H,,,,25,25,ASP,0
LFFP,07,25,,,1140,,UNK,0
LFFQ,10,28,,,1033,90,UNK,0
LFFR,12,30,,,800,,UNK,0
LFFT,01,19,,,780,,UNK,0
LFFU,08,26,,,800,60,grass,0
LFFV,04,22,,,680,60,GRS,0
LFFW,07,25,,,900,,UNK,0
LFFZ,06L,24R,57,257,950,50,Unpaved,0
LFGA,01,19,11,191,1610,30,ASP,1
LFGB,02,20,21,201,1000,20,ASP,0
LFGB,02R,20L,21,201,965,80,GRASS,0
LFGB,16,34,,,500,50,grass,0
LFGC,17,35,,,820,60,ASPH,0
LFGF,03,21,25,205,910,30,ASP,0
LFGG,18L,36R,,,920,80,grass,0
LFGG,18R,36L,,,920,50,grass,0
LFGH,12,30,,,810,,UNK,0
LFGI,02,20,17,197,750,20,Asphalt,0
LFGI,02R,20L,17,197,780,80,Turf,0
LFGJ,05,23,55,235,2231,45,ASP,1
LFGK,08,26,79,259,1054,30,ASP,0
LFGK,08R,26L,79,259,700,80,Turf,0
LFGL,08,26,,,1100,,UNK,0
LFGM,09,27,,,900,,UNK,0
LFGN,13,31,132,312,597,101,Turf,0
LFGO,14L,32R,,,1000,,UNK,0
LFGO,14R,32L,,,1000,,UNK,0
LFGP,07C,25C,,,1080,,UNK,0
LFGP,07L,25R,,,1120,,UNK,0
LFGQ,04,22,42,222,732,25,Asphalt,0
LFGQ,04L,22R,42,222,620,60,Grass,0
LFGR,08,26,,,900,,UNK,0
LFGS,09,27,,,900,50,GRS,0
LFGU,05L,23R,,,714,150,grass,0
LFGU,05R,23L,,,714,150,grass,0
LFGW,10,28,99.9,279.9,1120,20,ASP,1
LFGY,07,25,,,870,18,paved,0
LFGZ,11,29,,,894,60,Turf,0
LFHA,18L,36R,176,356,855,70,grass - herbe  (planeur),0
LFHA,18R,36L,176,356,855,70,grass - herbe  (avion),0
LFHD,18R,36L,,,1200,,UNK,0
LFHE,06,24,,,935,,UNK,0
LFHF,18,36,181,3,630,50,grass,0
LFHH,01,19,,,657,47,grass,0
LFHI,13,31,,,800,,UNK,0
LFHJ,18,36,,,885,,UNK,0
LFHL,04,22,36,216,883,50,Grass,0
LFHM,15,33,153,333,548,18,ASP,0
LFHN,01,19,,,671,18,paved,0
LFHO,18,36,184,4,1425,30,Paved,0
LFHP,15,33,151,331,1393,30,Paved,1
LFHP,15R,33L,151,331,940,80,Unpaved,0
LFHQ,01,19,9,189,1310,30,ASP,0
LFHR,15L,33R,154,334,870,50,Grass - Herbe -> Avion - ULM,0
LFHS,18,36,180,360,1139,30,ASP,1
LFHS,18R,36L,,,735,80,GRS,0
LFHT,02,20,16,196,736,18,paved,0
LFHU,06,24,,,448,30,ASP,0
LFHV,18,36,181,1,1040,30,ASP,1
LFHV,18L,36R,182,2,1100,80,GRS,0
LFHX,05,23,51,231,1200,23,paved,0
LFHY,08,26,83.2,263.2,1300,30,ASP,1
LFHY,08L,26R,,,330,30,GRS,0
LFHY,08R,26L,,,843,40,GRS,0
LFIB,11,29,,,800,,UNK,0
LFID,11,29,,,850,,UNK,0
LFIF,12,30,118,298,1300,20,ASP,0
LFIG,10,28,93,273,1050,20,CON,0
LFIH,07,25,,,840,,UNK,0
LFIK,05,23,,,860,,UNK,0
LFIL,05,23,,,1075,,UNK,0
LFIP,09,27,,,470,20,ASP,0
LFIS,03,21,29,209,603,40,PAVED,0
LFIV,09,27,,,800,,UNK,0
LFIY,10,28,,,850,50,Grass,0
LFJA,01,19,5,185,1500,45,ASP,0
LFJB,04,22,36,216,1300,20,ASP,1
LFJC,18,36,,,790,,UNK,0
LFJE,03,21,,,534,40,GRS,0
LFJF,08,26,,,770,,UNK,0
LFJH,10,28,,,890,,UNK,0
LFJL,04,22,39.1,219.1,2500,45,ASP,1
LFJR,08,26,80.4,260.4,1800,45,ASP,1
LFJR,08L,26R,,,720,45,GRS,0
LFJR,08R,26L,,,1100,100,GRS,0
LFJS,07,25,70,250,875,55,Grass,0
LFJT,03,21,30,210,900,90,grass,0
LFJU,06,24,56.5,236.5,1512,17,ASP,0
LFJU,06R,24L,57.9,237.9,661,38,GRS,0
LFJY,05,23,50.4,230.4,2400,45,ASP,1
LFKA,05,23,51,231,800,21,ASP,0
LFKB,16,34,163,343,2519,45,ASP,1
LFKC,18,36,179,359,2310,40,CON,1
LFKF,05,23,47.5,227.5,2480,45,ASP,1
LFKG,18,36,,,800,,UNK,0
LFKH,02,20,,,407,35,G,0
LFKJ,02,20,24.9,204.9,2407,45,ASP,1
LFKM,16,34,,,649,10,grass,0
LFKO,09,27,95,275,1400,30,ASP,0
LFKP,11,29,,,82,24,asphalt,0
LFKS,18,36,179,359,2627,45,CON,1
LFKT,12,30,124,304,940,20,ASP,0
LFKX,15,33,,,406,15,ASP,0
LFKY,18,36,,,638,60,G,0
LFLA,18,36,184,4,1650,30,ASP,1
LFLB,18,36,176,356,2020,45,ASP,1
LFLC,01,19,8,188,705,60,GRASS,0
LFLC,08,26,82,262,3013,45,ASP,1
LFLC,08L,26R,82,262,900,49,GRASS,0
LFLD,06,24,59,239,1550,45,ASP,1
LFLE,14,32,142,322,1000,20,ASP,0
LFLG,04,22,,,900,,UNK,0
LFLH,17,35,170.7,350.7,1440,30,ASP,1
LFLI,12,30,117,297,1300,30,ASP,1
LFLJ,04,22,42,222,537,40,Asphalt,0
LFLL,17L,35R,175,355,2670,45,ASP,1
LFLL,17R,35L,175,355,4000,45,ASP,1
LFLM,17,35,174,354,1230,24,ASP,1
LFLN,15L,33R,148.2,328.2,2030,45,CON,1
LFLN,15R,33L,148,328,1500,30,CON,0
LFLO,02,20,15,195,1475,30,Paved,1
LFLP,04,22,39,219,1630,30,ASP,1
LFLP,04R,22L,,,845,59,grass,0
LFLQ,02,20,20,200,1200,80,Unpaved,0
LFLR,01L,19R,7,187,900,100,UnPaved,0
LFLR,01R,19L,7,187,900,100,UnPaved,0
LFLS,09,27,90,270,3050,45,ASP,1
LFLT,11,29,110,290,1000,30,ASP,0
LFLU,01,19,7,187,2100,45,ASP,1
LFLU,01L,19R,8,188,1193,50,GRASS,0
LFLU,01R,19L,,,403,60,GRASS,0
LFLV,01,19,8,188,2200,45,ASP,1
LFLW,15,33,150,330,1700,30,ASP,1
LFLX,03,21,33,213,3500,45,CON,1
LFLY,16,34,163,343,1820,45,ASP,1
LFLZ,15,33,153,333,940,60,Unpaved,0
LFMA,14,32,146,326,1504,30,ASP,0
LFMC,09,27,88.4,268.4,800,30,ASP,1
LFMC,13,31,130.2,310.2,1400,30,ASP,1
LFMD,04,22,43,223,760,18,ASP,0
LFMD,17,35,170,350,1540,45,ASP,1
LFMD,17L,35R,170,350,550,50,grass,0
LFME,18L,36R,,,910,60,UNK,0
LFME,18R,36L,,,940,60,grass,0
LFMF,10L,28R,,,800,,UNK,0
LFMF,10R,28L,,,830,,UNK,0
LFMH,17,35,175,355,2300,45,ASP,1
LFMI,15,33,153,333,3750,60,ASP,1
LFMK,09,27,97,277,2050,45,ASP,1
LFML,13L,31R,133.7,313.7,3500,45,ASP,1
LFML,13R,31L,134.4,314.4,2370,45,ASP,1
LFMN,04L,22R,45,225,2628,45,ASP,1
LFMN,04R,22L,45,225,2963,45,ASP,1
LFMO,14,32,,,,,UNK,0
LFMO,15,33,144,324,2411,60,CON,1
LFMP,13,31,128,308,1085,20,ASP,0
LFMP,15,33,148,328,2500,45,ASP,1
LFMQ,12,30,127,307,1545,30,ASP,1
LFMR,09,27,,,800,,UNK,0
LFMS,01,19,13,193,1395,30,ASP,1
LFMT,12L,30R,124,304,2600,50,ASP,1
LFMT,12R,30L,124,304,1100,30,ASP,0
LFMU,09,27,94,274,1820,45,ASP,1
LFMV,17,35,169,349,1880,45,ASP,1
LFMW,11,29,110,290,810,30,PAVED,0
LFMY,09,27,,,,,UNK,0
LFMY,16,34,160.1,340.1,2001,45,CON,1
LFMY,17L,35R,,,,,UNK,0
LFMY,17R,35L,,,,,UNK,0
LFMZ,08,26,78,258,1000,30,ASP,0
LFNA,02L,20R,26,206,945,30,ASP,0
LFNA,02R,20L,26,206,700,80,GRS,0
LFNB,12,30,125,305,1300,30,ASP,1
LFNC,16,34,,,847,30,ASPH,0
LFNC,16G,34G,,,630,79,grass,0
LFNE,09,27,,,1300,,UNK,0
LFNE,15,33,,,1220,,UNK,0
LFNF,02,20,,,1270,,UNK,0
LFNF,10,28,,,1054,,UNK,0
LFNG,14,32,,,900,30,paved,0
LFNH,13,31,132,312,1200,20,ASP,0
LFNJ,18,36,,,900,,UNK,0
LFNL,12,30,,,550,70,grass,0
LFNO,09,27,,,790,,UNK,0
LFNQ,14,32,,,1000,,UNK,0
LFNR,08,26,84,264,1100,,UNK,0
LFNR,16,34,158,338,950,,UNK,0
LFNS,17,35,,,1170,,UNK,0
LFNT,13,31,,,1170,,UNK,0
LFNT,17R,35L,,,1350,,UNK,0
LFNU,17,35,,,1060,,UNK,0
LFNV,02,20,,,1020,50,grass,0
LFNX,18,36,,,975,,UNK,0
LFOA,06,24,60,240,3503,45,ASP,1
LFOB,04,22,42,222,1105,30,ASP,0
LFOB,12,30,125,305,2430,45,ASP,1
LFOB,13R,31L,,,,,UNK,0
LFOC,10,28,98.5,278.5,2302,45,ASP,1
LFOD,10,28,96,276,1450,30,ASP,1
LFOE,04,22,39.9,219.9,2995,45,ASP,1
LFOF,07,25,,,775,,UNK,0
LFOG,05,23,,,721,25,paved,0
LFOH,04,22,44,224,2300,40,ASP,1
LFOI,02,20,22,202,1250,23,CON,0
LFOI,02L,20R,24,204,899,101,Grass,0
LFOI,13,31,134,314,573,79,Grass,0
LFOJ,07,25,69,249,2404,45,ASP,1
LFOK,10,28,102,282,3860,45,CON,1
LFOL,07,25,,,765,,UNK,0
LFOM,06,24,,,1250,80,grass,0
LFON,04,22,,,720,80,GRASS,0
LFOP,04,22,41.3,221.3,1700,45,ASP,1
LFOP,05,23,,,900,80,GRASS,0
LFOQ,02,20,,,920,70,GRS,0
LFOQ,12,30,122,302,1250,30,ASP,1
LFOR,09,27,,,840,25,ASPH,1
LFOS,07,25,,,900,,UNK,0
LFOT,02,20,15,195,2404,45,CON,1
LFOU,03,21,25,205,1380,30,ASP,1
LFOU,03R,21L,25,205,1030,80,GRS,0
LFOV,14,32,142,322,1662,30,ASP,1
LFOX,06,24,,,700,23,,0
LFOX,06L,24R,,,1230,50,ASPH,0
LFOY,01,19,,,890,,UNK,0
LFOY,06,24,,,840,,UNK,0
LFOZ,05,23,53,233,1600,30,ASP,1
LFPA,05,23,53,233,975,100,UNPAVED,0
LFPA,10L,28R,,,830,,UNK,0
LFPA,10R,28L,,,880,,UNK,0
LFPB,03,21,26,206,2395,45,ASP,1
LFPB,07,25,69,249,3000,45,PEM,1
LFPB,09,27,86,266,1847,45,ASP,1
LFPC,07,25,65.1,245.1,2399,50,CON,1
LFPD,10,28,,,1200,80,grass,0
LFPE,07L,25R,,,1145,100,GRASS,0
LFPE,07R,25L,,,1075,100,grass,0
LFPE,16L,34R,,,1020,100,grass,0
LFPE,16R,34L,,,1020,100,grass,0
LFPF,12,30,,,1000,,UNK,0
LFPG,08H,26H,85,265,440,30,GRASS,0
LFPG,08L,26R,85,265,4215,45,ASP,1
LFPG,08R,26L,85.1,265.1,2700,60,CON,1
LFPG,09L,27R,85.3,265.3,2700,60,ASP,1
LFPG,09R,27L,86,266,4200,45,ASP,1
LFPH,04,22,37,217,600,50,Grass,0
LFPH,11,29,107,287,650,50,Grass,0
LFPK,09,27,91,271,1400,20,PEM,0
LFPK,09C,27C,,,1590,20,paved,0
LFPK,09L,27R,91,271,650,50,GRS,0
LFPK,09R,27L,91,271,660,80,GRS,0
LFPL,08,26,82,262,700,20,Paved,0
LFPL,08R,26L,82,262,1100,100,Grass,0
LFPM,01,19,13,193,1300,30,ASP,0
LFPM,10,28,103,283,1975,45,ASP,1
LFPN,07L,25R,70,250,1100,30,ASP,1
LFPN,07R,25L,70,250,1050,30,ASP,1
LFPO,02,20,18,198,2400,60,CON,1
LFPO,06,24,62,242,3650,45,ASP,1
LFPO,07,25,74,254,3320,45,CON,1
LFPP,07,25,67,247,698,19,ASPH,1
LFPP,07R,25L,67,247,823,50,Grass,0
LFPQ,12L,30R,119,299,700,18,paved,1
LFPQ,12R,30L,119,299,720,50,Grass,0
LFPT,04,22,45,225,1689,47,ASP,1
LFPT,12,30,118,298,1548,45,ASP,0
LFPU,06,24,,,825,,Grass,0
LFPV,09,27,88,268,1813,45,ASP,1
LFPX,05,23,,,825,60,Grass,0
LFPX,10,28,,,710,100,Grass,0
LFPZ,11L,29R,113,293,890,100,GRS,0
LFPZ,11R,29L,113,293,865,60,GRS,0
LFQA,07,25,66,246,1150,30,ASP,1
LFQB,05,23,52,232,734,100,GRS,0
LFQB,17,35,174,354,1650,30,ASP,1
LFQB,17R,35L,173.7,353.7,900,100,GRS,0
LFQC,09,27,92,272,1039,20,ASP,0
LFQC,09R,27L,91,271,750,75,grass,0
LFQD,04,22,,,,,UNK,0
LFQE,01,19,13.6,193.6,2400,45,ASP,1
LFQE,02,20,,,,,UNK,0
LFQF,18,36,180,360,1021,30,ASP,1
LFQF,18L,36R,180,360,636,50,GRS,0
LFQG,12,30,121.8,301.8,1630,30,ASP,1
LFQH,02,20,17,197,955,100,Turf,0
LFQJ,05L,23R,,,800,80,GRS,0
LFQJ,05R,23L,48,228,1300,30,ASP,0
LFQK,04L,22R,,,1500,70,grass,0
LFQK,04R,22L,,,1500,80,grass,0
LFQL,03,21,,,0,0,UNK,0
LFQL,09,27,,,0,0,UNK,0
LFQM,05,23,53,233,1400,23,ASP,1
LFQN,03,21,,,640,50,grass,0
LFQN,09,27,,,597,20,paved,0
LFQO,07L,25R,,,838,80,Grass,0
LFQO,07R,25L,,,838,50,Grass,0
LFQO,17L,35R,,,850,80,Grass,0
LFQO,17R,35L,,,850,50,Grass,0
LFQP,06,24,57,237,2196,45,ASP,1
LFQQ,01,19,15,195,1580,30,ASP,1
LFQQ,08,26,78,258,2825,45,ASP,1
LFQS,12,30,,,900,100,G,0
LFQT,04,22,37,217,1840,30,ASP,1
LFQU,09,27,,,870,,UNK,0
LFQV,11,29,112.1,292.1,1500,30,ASP,1
LFQW,08,26,82,262,1442,20,ASP,1
LFQX,07,25,,,900,50,GRS,0
LFQZ,05,23,,,825,,UNK,0
LFRB,07L,25R,71,251,700,18,ASP,0
LFRB,07R,25L,71,251,3100,45,ASP,1
LFRC,10,28,100.7,280.7,2440,45,ASP,1
LFRD,12,30,115,295,1435,45,ASP,0
LFRD,17,35,170,350,2200,45,ASP,1
LFRE,11,29,107,287,950,25,ASP,0
LFRF,06,24,65,245,960,30,ASP,1
LFRG,12,30,117,297,2550,45,ASP,1
LFRH,02,20,16,196,1670,45,CON,1
LFRH,07,25,72,252,2403,45,CON,1
LFRI,10,28,102,282,1550,30,ASP,1
LFRJ,07,25,73,253,2700,45,CON,1
LFRK,12,30,124,304,1900,45,ASP,1
LFRK,12L,30R,125,305,800,50,GRASS,0
LFRL,05,23,51,231,1108,40,ASP,1
LFRL,06,24,,,,,UNK,0
LFRL,13,31,128,308,650,54,GRS,0
LFRM,02,20,20,200,1420,30,ASP,1
LFRM,02R,20L,,,970,80,GRS,0
LFRN,10,28,101,281,2100,45,ASP,1
LFRN,14,32,142,322,850,30,ASP,0
LFRO,11,29,107.1,287.1,1700,45,ASP,1
LFRP,10,28,,,855,,UNK,0
LFRQ,09,27,94,274,2150,45,ASP,1
LFRS,03,21,28,208,2900,45,ASP,1
LFRT,06,24,58.7,238.7,2200,45,ASP,1
LFRU,04,22,41,221,1617,36,ASP,1
LFRU,09,27,90,270,472,80,,0
LFRU,15,33,153,333,845,80,UNK,0
LFRV,04,22,39,219,1530,45,ASP,1
LFRV,08,26,82,262,1025,60,GRS,0
LFRZ,07,25,73,253,2400,45,ASP,1
LFSA,07,25,,,970,,UNK,0
LFSB,07,25,77,257,1715,60,CON,1
LFSB,15,33,155,335,3900,60,CON,1
LFSD,01,19,15,195,1200,23,ASP,0
LFSD,17,35,175,355,2400,45,ASP,1
LFSE,02,20,,,709,99,grass,0
LFSG,08,26,85,265,2700,45,CON,1
LFSH,03,21,29,209,995,18,ASP,0
LFSH,03L,21R,29,209,963,80,Turf,0
LFSI,11,29,113,293,2412,45,ASP,1
LFSJ,08L,26R,,,1100,,UNK,0
LFSJ,08R,26L,,,800,,UNK,0
LFSK,05,23,,,900,,UNK,0
LFSK,11,29,,,880,,UNK,0
LFSL,11,29,115,295,2100,45,asphalt,1
LFSM,08,26,79.4,259.4,1700,20,ASP,1
LFSN,03,21,29,209,1600,40,ASP,1
LFSO,02,20,19,199,2401,45,CON,1
LFSP,02,20,21,201,1000,30,ASP,1
LFST,05,23,48.7,228.7,2400,45,ASP,1
LFSU,18,36,181,1,920,60,Turf,0
LFSV,06,24,,,1200,,UNK,0
LFSV,13,31,,,1150,,UNK,0
LFSW,04,22,,,1200,50,grass,0
LFSW,10,28,,,960,50,grass,0
LFSX,04,22,38,218,2315,36,ASP,1
LFSX,11,29,113,293,2433,45,ASP,1
LFTF,11,29,110,290,1972,30,ASP,0
LFTH,05,23,51,231,2120,45,ASP,1
LFTH,13,31,135,315,1902,50,ASP,1
LFTP,08,26,,,820,,UNK,0
LFTW,18,36,177,357,2440,45,CON,1
LFTZ,06,24,62,242,1071,30,ASP,1
LFVM,12,30,98,278,1000,20,ASP,1
LFVP,08,26,59,239,1800,46,ASP,1
LFXA,01,19,7.4,187.4,2000,30,ASP,0
LFXA,02,20,15,195,800,100,GRS,0
LFXB,06,24,,,900,,UNK,0
LFXB,06L,24R,,,900,,UNK,0
LFXB,06R,24L,,,900,,UNK,0
LFXB,12,30,,,800,,UNK,0
LFXU,10L,28R,,,1950,50,grass,0
LFXU,10R,28L,,,1950,50,grass,0
LFYG,08L,26R,,,900,18,ASP,0
LFYG,08R,26L,,,800,100,GRS,0
LFYR,04L,22R,,,1100,100,grass,0
LFYR,04R,22L,,,950,100,grass,0
LFYS,07,25,,,800,,UNK,0
LIAA,09,27,,,870,18,Tarmac,0
LIAF,17,35,170,350,1400,30,asphalt,0
LIAP,18,36,178,358,1409,26,ASP,0
LIAT,12,30,,,675,,GRE,0
LIAU,08,26,83,263,,,Grass,0
LIBA,11,29,114,294,2660,44,ASP,1
LIBC,17,35,169,349,2000,45,ASP,1
LIBD,07,25,67,247,3000,45,ASP,1
LIBF,15,33,156,336,1735,47,ASP,1
LIBG,17,35,169,349,3200,45,ASP,0
LIBN,14,32,146,326,1902,58,ASP,1
LIBP,04,22,37.5,217.5,2418,45,ASP,1
LIBR,05,23,53,233,1796,45,ASP,1
LIBR,13,31,137,317,3048,45,ASP,1
LIBV,14L,32R,141,321,2996,30,ASP,1
LIBV,14R,32L,141,321,3001,45,ASP,1
LICA,10,28,99,279,3017,45,ASP,1
LICB,05,23,48,228,2460,45,asphalt,1
LICC,08,26,84,264,2435,45,ASP,1
LICD,08,26,81,261,1800,45,ASP,1
LICG,02,20,28,208,1220,30,ASP,0
LICG,07,25,76,256,1675,45,ASP,1
LICJ,02,20,24,204,2074,45,ASP,1
LICJ,07,25,66.9,246.9,3326,60,ASP,1
LICP,17,35,174.7,354.7,1224,45,ASP,0
LICR,11,29,113,293,1699,45,ASP,1
LICR,15,33,153,333,1996,45,ASP,1
LICT,13,31,128,308,2698,45,ASP,1
LICZ,10L,28R,98,278,2442,30,ASP,1
LICZ,10R,28L,98,278,2462,45,ASP,1
LIDA,08,26,,,,,UNK,0
LIDA,08L,26R,76,256,1120,23,ASP,0
LIDA,08R,26L,75.2,255.2,1100,90,GRS,0
LIDB,05,23,,,812,,Grass,0
LIDE,11,29,108,288,1210,30,ASP,0
LIDE,12,30,,,,,UNK,0
LIDF,05,23,,,1350,50,SOD,0
LIDG,03,21,3,21,800,23,ASP,0
LIDG,H,,,,15,15,ASP,1
LIDH,17,35,,,1200,30,GRASS,0
LIDL,16,34,,,610,25,GRS,0
LIDP,02,20,18,198,1190,23,ASPHALT,0
LIDR,08,26,81,261,1200,30,ASP,0
LIDT,18,36,181,1,1130,30,ASP,1
LIDU,02,20,,,850,20,ASP,0
LIDV,10,28,109,289,1175,81,GRS,0
LIDW,15,33,,,750,50,G,0
LIEA,02,20,25,205,3000,45,ASP,1
LIED,16L,34R,167,347,2985,45,ASP,1
LIED,16R,34L,167,347,2765,30,ASP,1
LIEE,14,32,138,318,2803,45,ASP,1
LIEO,05,23,53,233,2745,45,ASP,1
LIER,14,32,133,313,1199,30,BITUMINOUS,1
LIET,12,30,121,301,1188,30,ASP,1
LIGT,15,33,,,200,25,grass,0
LIKD,16,34,,,650,30,G,0
LIKD,H1,,,,20,20,ASP,0
LILA,03,21,,,640,30,grass,0
LILB,03,21,,,600,15,ASPH,0
LILE,16,34,156,336,1320,30,ASP,1
LILG,16,34,,,800,,UNK,0
LILH,16,34,159.6,339.6,1000,30,ASP,0
LILI,09,27,83,263,560,23,Grass,0
LILM,18,36,178,358,880,23,Earth,0
LILN,17,35,176,356,1420,40,ASP,0
LILO,09,27,85,265,1050,23,ASP,0
LILQ,05,23,51,231,710,20,Earth,0
LILR,11,29,,,650,30,asphalt,0
LILV,02L,20R,,,700,50,GRASS,0
LILV,02R,20L,20,200,805,14,ASPHALT,0
LIMA,10L,28R,101,281,1074,30,ASP,0
LIMA,10R,28L,101.5,281.5,750,40,GRS,0
LIMB,18,36,180,360,1080,30,ASP,0
LIMC,17L,35R,170,350,3920,60,ASP,1
LIMC,17R,35L,170,350,3920,60,ASP,1
LIME,10,28,105,285,2874,45,ASP,1
LIME,12,30,121,301,714,18,ASP,0
LIMF,18,36,183,3,3300,60,ASP,1
LIMG,09,27,94,274,1432,45,ASP,1
LIMJ,10,28,105,285,2915,45,ASP,1
LIML,17,35,176,356,2442,60,ASP,1
LIMN,17,35,168,348,2993,29,ASP,1
LIMP,02,20,17,197,2122,45,ASP,1
LIMR,18,36,,,925,30,,0
LIMS,12,30,118.4,298.4,2996,45,ASP,1
LIMW,09,27,85,265,1246,30,ASP,1
LIMZ,03,21,32,212,2104,45,ASP,1
LINF,06,24,,,550,25,G,0
LINL,18,36,,,614,30,paved,0
LIPA,05,23,48,228,2606,44,ASP,0
LIPB,01,19,10,190,1740,45,ASP,1
LIPB,01R,19L,11,191,709,20,GRS,0
LIPC,11,29,116,296,3050,45,ASP,1
LIPD,04,22,,,730,40,grass,0
LIPE,12,30,117,297,2803,45,ASP,1
LIPG,09,27,85,265,1250,30,GRS,0
LIPH,07,25,69,249,2420,44,ASP,1
LIPI,06,24,59,239,2550,44,ASP,1
LIPK,12,30,117,297,2410,45,ASP,1
LIPL,13,31,135,315,2991,45,ASP,1
LIPM,11,29,,,800,20,paved,0
LIPN,08,26,74.7,254.7,1014,22,ASP,0
LIPO,14,32,135,315,2990,45,ASP,1
LIPQ,09,27,90,270,3000,45,ASP,1
LIPR,13,31,128,308,2996,45,ASP,1
LIPS,08,26,82,262,2992,32,ASP,1
LIPU,04,22,40,220,1122,30,ASP,1
LIPV,05,23,,,994,45,GRASS,0
LIPX,04,22,46,226,3068,45,ASP,1
LIPY,04,22,45,225,2962,45,ASP,1
LIPZ,04L,22R,42,222,2780,45,ASP,1
LIPZ,04R,22L,42,222,3300,45,ASP,1
LIQB,12,30,,,660,23,ASP,0
LIQG,15,33,150,,1039,35,Grass,0
LIQL,10,28,,,910,18,ASP,0
LIQS,18,36,178,358,1393,30,ASP,1
LIQW,18,36,,,905,23,ASP,0
LIRA,15,33,152,332,2202,45,ASP,1
LIRE,13R,31L,129.9,309.9,2480,30,ASP,1
LIRF,07,25,70,250,3300,45,ASP,1
LIRF,16L,34R,163,343,3902,60,ASP,1
LIRF,16R,34L,163,343,3902,60,ASP,1
LIRG,04,22,34.9,214.9,1200,60,GRS,0
LIRG,18,36,181,1,1462,30,ASP,0
LIRH,16,34,,,1431,,UNK,0
LIRI,05,23,52,232,1962,45,ASP,1
LIRJ,16,34,160,340,949,23,ASP,0
LIRL,12,30,124.5,304.5,1700,40,ASP,1
LIRM,06,24,59.9,239.9,2991,30,ASP,1
LIRN,06,24,58.1,238.1,2628,45,ASP,1
LIRP,03L,21R,37,217,2792,45,ASP,1
LIRP,03R,21L,37,217,2993,45,ASP,1
LIRQ,05,23,48,228,1560,45,ASP,1
LIRS,03,21,31,211,2994,45,ASP,1
LIRS,03R,21L,31,211,2354,25,ASP,0
LIRU,16,34,160,340,1084,30,ASP,0
LIRV,04C,22C,38,218,1300,50,ASPH,0
LIRV,04L,22R,38,218,1005,25,ASP,0
LIRV,04R,22L,39,219,590,34,ASP,0
LIRZ,01,19,14,194,2199,45,ASP,1
LIVV,18,36,180,360,632,22,Grass,0
LKBA,08,26,80,260,740,110,G,0
LKBE,06,24,60,240,720,60,GRASS,1
LKBE,09L,27R,87,267,750,40,GRASS,0
LKBE,09R,27L,,,750,18,GRASS,0
LKBO,07,25,74,254,830,18,UNK,0
LKBR,14,32,137,317,920,18,GRS,0
LKBU,10L,28R,102,282,730,30,GRS,0
LKBU,10R,28L,102,282,730,23,GRS,0
LKCB,05,23,53,233,1000,25,Grass,0
LKCB,06,24,53,233,1000,18,concrete,0
LKCE,13,31,309,129,700,40,,0
LKCH,04,22,38,218,1199,40,grass,0
LKCH,14,32,139,319,831,40,grass,0
LKCM,16,34,155,335,890,74,G,0
LKCR,06,24,60,240,980,26,,0
LKCS,09,27,90,270,2500,80,CON,0
LKCT,17,35,165,345,1010,50,,0
LKCV,12,30,,,1309,40,GRASS,0
LKCV,13,31,137,317,2400,60,CON,1
LKDK,10,28,98,278,860,100,,0
LKER,11,29,108,288,860,40,UNK,0
LKFR,08,26,84,264,800,65,grass,0
LKHB,11,29,111,291,1000,50,GRASS,0
LKHC,12,30,125,305,740,23,GRASS,0
LKHD,01,19,8,188,980,100,GRASS,0
LKHK,15L,33R,151,331,2400,60,CON,1
LKHK,15R,33L,151,331,800,25,GRASS,0
LKHN,05,23,54,234,735,150,GRASS,0
LKHS,06L,24R,58,238,799,24,Asphalt,0
LKHS,06R,24L,58,238,999,50,grass,0
LKHV,06,24,66,246,1170,30,ASP,0
LKJA,14L,32R,142,318,938,48,GRASS,0
LKJA,14R,32L,142,318,938,40,GRASS,0
LKJC,12,30,123,303,1000,100,GRASS,0
LKJH,07L,25R,69,249,686,21,ASPH,0
LKJH,07R,25L,69,249,767,22,GRASS,0
LKJI,10,28,102,282,920,160,GRASS,0
LKKA,13,31,134,314,702,100,grass,0
LKKB,06,24,62,242,2000,45,ASP,1
LKKL,12,30,124,304,980,140,Grass,1
LKKM,02,20,19,199,770,30,UNK,0
LKKO,03L,21R,26,206,900,110,GRASS,1
LKKO,03R,21L,26,206,850,35,UNK,0
LKKR,12,30,117,297,750,125,,0
LKKT,09L,27R,87,267,820,75,,0
LKKT,09R,27L,87,267,820,25,,0
LKKU,02C,20C,25,205,2000,30,CON,1
LKKU,02L,20R,25,205,1480,80,GRS,0
LKKU,02R,20L,25,205,1690,60,GRS,0
LKKV,11,29,113,293,2150,30,ASP,1
LKKY,15,33,146,326,1006,122,GRS,0
LKLB,16,34,162,342,1020,50,GRASS,0
LKLN,06,24,56.4,236.4,1450,60,CON,0
LKLT,05L,23R,46,226,860,23,grass,0
LKLT,05R,23L,51,231,800,25,grass,0
LKMB,04,22,45,225,775,100,GRASS,0
LKMB,16,34,155,335,900,100,GRASS,0
LKMH,07,25,66.6,246.6,1553,30,CON,0
LKMH,08,26,66.7,246.7,985,61,GRS,0
LKMI,05,23,52,232,999,23,grass,0
LKMK,08L,26R,78,258,714,23,ASP,0
LKMK,08R,26L,78,258,720,60,GRS,0
LKMO,02L,20R,18,198,1129,30,grass,0
LKMO,02R,20L,18,198,1129,70,grass,0
LKMT,04,22,46.1,226.1,3500,63,CON,1
LKNA,12,30,129,309,2400,45,CON,1
LKNM,08,26,78,258,930,30,grass,0
LKNM,18,36,179,359,900,30,grass,0
LKOL,09L,27R,93,273,760,30,GRASS,0
LKOL,09R,27L,93,273,760,30,GRASS,0
LKOL,10,28,93,273,420,40,ASPHALT,0
LKOT,17L,35R,167,347,650,25,ASPH,0
LKOT,17R,35L,167,347,600,40,GRASS,0
LKPA,15,33,155,335,1500,35,UNK,0
LKPC,09,27,86,266,2505,29,ASP,0
LKPD,09,27,93,273,2500,75,CON,1
LKPI,08,26,77,257,765,30,GRASS,0
LKPJ,12,30,122,302,1000,60,GRASS,0
LKPL,08,26,83,263,700,20,,0
LKPM,06L,24R,56,236,1000,18,GRS,0
LKPM,06R,24L,56,236,1380,30,ASP,0
LKPN,07,25,69,249,730,100,Grass,0
LKPN,13,31,128,308,640,92,Grass,0
LKPO,06,24,66,246,2476,60,CON,1
LKPR,06,24,65,245,3715,45,CON,1
LKPR,12,30,127,307,3250,45,CON,1
LKPS,03,21,34,214,840,100,,0
LKRA,11,29,108,288,850,70,GRASS,0
LKRA,22,04,45,225,750,100,GRASS,0
LKRK,09L,27R,87,267,750,90,GRASS,0
LKRK,09R,27L,87,267,935,90,GRASS,0
LKRO,13L,31R,133,313,840,30,GRS,1
LKRO,13R,31L,133,313,1400,63,GRS,0
LKRY,09,27,85,265,735,28,Turf/Grass,0
LKSA,07,25,71,251,660,40,,0
LKSB,13,31,135,315,880,30,GRASS,0
LKSK,03,21,17,197,568,150,turf,0
LKSK,13,31,124,304,878,200,turf,0
LKSN,07L,25R,72,252,760,23,grass,0
LKSN,07R,25L,72,252,760,40,grass,0
LKSO,08,26,84,264,960,24,GRASS,0
LKSO,18,36,182,2,1020,30,GRASS,0
LKSR,15,33,152,332,900,23,grass,0
LKST,03,21,30,210,900,100,,0
LKST,13,31,129,309,780,25,,0
LKSU,06,24,55,235,700,90,,0
LKSU,18,36,180,,680,18,,0
LKSZ,15L,33R,145,325,841,30,grass,1
LKSZ,15R,33L,145,325,1315,120,grass,0
LKTA,12,30,116,296,1100,130,GRASS,0
LKTA,16,34,160,340,850,100,GRASS,0
LKTB,08,26,94,274,800,30,GRASS,0
LKTB,09,27,94,274,2650,60,CON,1
LKTC,09,27,87,267,870,30,grass,0
LKTD,09,27,92,272,1100,23,GRASS,0
LKTO,08,26,75,255,1290,100,UNK,0
LKUL,05,23,51,231,780,30,Turf/Grass,0
LKUO,14,32,143,323,887,100,GRASS,0
LKVL,13,31,132,312,850,40,,0
LKVM,12L,30R,120,300,600,18,ASPH,0
LKVM,12R,30L,120,300,1200,40,GRASS,0
LKVM,14,32,135,315,1000,80,GRASS,0
LKVO,10,28,105,285.1,2500,45,ASP,1
LKVO,11,29,101,281,1800,50,Grass,0
LKVP,09L,27R,85,265,760,30,,0
LKVP,09R,27L,85,265,550,30,,0
LKVR,11L,29R,,,836,40,GRASS,0
LKVR,11R,29L,112,292,836,30,GRASS,0
LKVY,01,19,15,194,1280,60,grass,0
LKZA,10R,28L,97,277,900,90,GRASS,0
LKZB,15,33,154,334,780,150,GRASS,0
LKZD,11,29,109,289,1120,40,GRASS,0
LKZM,13,31,134,314,725,100,grass,0
LKZN,08,26,80,260,860,18,GRASS,0
LOAA,03,21,,,516,25,GRASS,0
LOAB,12,30,,,865,18,concrete,0
LOAB,12G,30G,,,590,30,GRASS,0
LOAD,07,25,,,501,25,GRASS,0
LOAG,10,28,,,904,18,ASPHALT,0
LOAN,09,27,97,277,1067,23,ASP,1
LOAR,04,22,,,500,25,G,0
LOAS,15,33,,,700,25,GRASS,0
LOAU,07,25,,,800,18,ASPHALT,0
LOAV,13R,31L,,,950,23,ASPHALT,1
LOAV,31R,13L,306,126,650,25,grass,0
LOGF,13,31,,,700,18,ASPHALT,0
LOGF,13G,31G,,,250,30,GRASS,0
LOGG,14,32,,,800,18,ASPHALT,0
LOGI,11,29,,,785,18,ASP,0
LOGK,07,25,,,600,30,GRASS,0
LOGL,07,25,,,700,30,GRASS,0
LOGM,15,33,,,500,18,ASPHALT,0
LOGO,03,21,,,730,30,ASPHALT,0
LOGP,15,33,,,630,30,GRASS,0
LOGT,11,29,,,625,30,GRASS,0
LOGW,18,36,,,440,30,GRASS,0
LOIH,04,22,,,630,18,ASPHALT,0
LOIJ,13,31,,,750,18,ASPHALT,0
LOIJ,13G,31G,,,200,30,grass,0
LOIK,06,24,,,800,30,GRASS,0
LOIR,04,22,45,225,679,18,ASPHALT,0
LOKF,02,20,,,700,30,GRASS,0
LOKG,04,22,,,618,25,GRASS,0
LOKH,17,35,172,352,707,30,GRASS,0
LOKL,12,30,124,304,500,18,ASPHALT,0
LOKM,08,26,,,400,25,GRASS,0
LOKN,09,27,,,710,25,GRASS,0
LOKR,06,24,64,244,400,25,GRASS,0
LOKW,01,19,,,740,30,GRASS,0
LOLC,05,23,,,592,30,GRASS,0
LOLE,15,33,,,425,30,GRASS,0
LOLF,11,29,,,400,25,GRASS,0
LOLG,03,21,,,480,25,ASPH,0
LOLH,08,26,,,450,25,ASP,0
LOLK,12,30,,,743,18,ASPHALT,0
LOLM,13,31,138,318,465,30,GRASS,0
LOLO,15,33,,,940,30,GRASS,0
LOLS,14,32,,,800,23,ASPHALT,0
LOLT,10,28,,,830,25,GRASS,0
LOLU,08,26,,,550,18,ASPHALT,0
LOLW,08C,26C,84,264,930,50,GRS,0
LOLW,08L,26R,84,264,1390,30,ASP,1
LOLW,08R,26L,84,269,900,45,GRS,0
LOSM,07,25,,,820,25,GRASS,0
LOWG,16C,34C,164,344,3000,45,ASP,1
LOWG,16L,34R,169,349,640,30,GRS,0
LOWG,16R,34L,169,349,760,25,GRS,0
LOWI,08,26,81,261,2000,45,ASP,1
LOWI,08G,28G,,,350,47,GRASS,0
LOWK,10L,28R,106,286,2720,45,CON,1
LOWK,10R,28L,106,286,740,27,GRS,0
LOWL,07H,25H,,,,,GRS,0
LOWL,08,26,87,267,3000,60,ASP,1
LOWL,08E,26E,87,267,660,45,GRS,0
LOWS,15,33,157,337,2750,45,CON,1
LOWW,11,29,116,296.1,3500,45,ASP,1
LOWW,16,34,164,344,3600,45,ASP,1
LOWZ,07,25,70,250,780,18,ASPHALT,0
LOWZ,07R,25L,70,250,300,50,GRASS,0
LOXA,06,24,,,925,40,GRASS,0
LOXN,04,22,40,220,1499,45,Grass,0
LOXN,09,27,90,270,839,30,Grass,0
LOXN,14L,32R,180,360,939,30,Grass,0
LOXN,14R,32L,140,320,939,30,Grass,0
LOXN,18L,36R,,,1620,45,GRASS,0
LOXN,18R,36L,180,360,869,30,Grass,0
LOXT,08,26,,,1400,60,ASPHALT,0
LOXZ,08L,26R,80.9,260.9,1410,40,GRS,0
LOXZ,08R,26L,81,261,2750,60,ASP,1
LP77,15,33,146.1,326.1,1245,30,ASP,0
LPAR,04,22,33,213,2990,45,ASP,1
LPAV,17,35,165,345,1400,50,ASP,0
LPAZ,18,36,171,351,3048,60,CON,1
LPBG,02,20,14,194,1707,30,ASP,1
LPBJ,01L,19R,6.4,186.4,3450,60,CON,1
LPBJ,01R,19L,5.9,185.9,2951,30,CON,0
LPBR,07,25,62,242,939,23,ASP,1
LPCB,16,34,,,1460,30,Asphalt,0
LPCH,16,34,,,857,23,ASP,0
LPCO,16,34,157.1,337.1,920,30,CON,1
LPCR,11,29,,,800,,ASP,0
LPCS,17,35,164,344,1400,30,ASP,1
LPEV,01,19,4,184,1300,23,ASP,0
LPFL,18,36,166,346,1400,30,ASP,1
LPFR,10,28,100,280,2490,45,ASP,1
LPGR,09,27,76.7,256.7,1380,30,CON,1
LPHR,10,28,90,270,1595,45,ASP,1
LPIN,17,35,174,354,427,30,asph,0
LPJF,02,20,14,194,500,11,asfalt,0
LPLA,15,33,140.7,320.7,3313,60,ASP,1
LPMA,05,23,44.7,224.7,2777,45,ASP,1
LPMI,17,35,,,750,30,ASP,0
LPMO,06,24,,,1097,27,Asphalt,0
LPMR,36,18,2,182,2992,45,CON,1
LPMT,01,19,6.5,186.5,2147,45,ASP,1
LPMT,07,25,72,252,2440,45,CON,1
LPMU,03,21,26,206,800,22,asphalt,0
LPOV,18,36,176,356,2440,45,CON,1
LPPD,12,30,111.6,291.6,2497,45,ASP,1
LPPI,09,27,83,263,1745,45,ASP,1
LPPM,11,29,107,287,860,27,ASP,0
LPPR,17,35,172.8,352.8,3480,45,ASP,1
LPPS,18,36,178,358,3006,45,CON,1
LPPT,02,20,22,202,3810,45,ASP,1
LPSJ,13,31,117,297,1412,45,ASP,1
LPSO,03,21,,,1800,30,asphalt,1
LPST,14,32,135,315,1800,40,ASP,1
LPTN,08,26,77,257,2295,45,ASP,1
LPTN,12,30,117,297,1200,23,ASP,0
LPVL,16,34,155,335,1709,30,ASP,0
LPVR,02,20,17.7,197.7,947,30,ASP,1
LPVZ,35,17,359,179,1230,30,ASP,1
LS00,09,27,,,305,61,TURF,0
LS10,16,34,,,610,12,TURF,0
LS14,18,36,,,732,35,TURF-G,0
LS16,09,27,,,805,15,TURF,0
LS16,18,36,,,402,15,TURF,0
LS18,09,27,,,762,43,TURF-G,0
LS18,18,36,,,792,29,TURF-G,0
LS25,01,19,,,853,15,TURF,0
LS34,06,24,,,910,24,TURF-G,0
LS35,14,32,,,472,23,TURF,0
LS36,18,36,,,407,23,TURF,0
LS38,07,25,,,671,14,TURF,0
LS39,05,23,,,914,15,TURF,0
LS40,17,35,,,1189,38,TURF,0
LS41,09,27,,,305,23,TURF-G,0
LS41,13,31,,,640,23,TURF-G,0
LS54,04,22,,,457,18,TURF,0
LS59,13,31,,,152,23,TURF,0
LS68,09,27,,,792,46,TURF,0
LS70,18,36,,,1181,37,Concrete and turf.,0
LS72,09,27,,,122,15,TURF,0
LS72,15,33,,,274,15,TURF,0
LS72,18,36,,,229,18,TURF,0
LS76,18,36,,,610,30,TURF,0
LS77,18,36,,,914,30,TURF,0
LS83,06,24,,,838,23,ASPH-P,0
LS86,10,28,,,396,23,TURF,0
LS88,14,32,143,323,618,23,Turf,0
LS89,NE,SW,,,183,30,TURF,0
LS91,09,27,,,549,30,TURF,0
LS91,17,35,,,229,30,TURF,0
LS92,09,27,,,366,23,TURF,0
LS93,04,22,,,91,23,TURF,0
LSGB,15,33,,,700,30,GRASS,0
LSGC,05,23,54,234,1130,27,ASP,1
LSGE,09,27,95,275,800,23,ASPH,1
LSGG,04,22,46,226,3900,50,CON,1
LSGK,08,26,81,261,1466,40,ASP,1
LSGL,18,36,,,875,23,CONC,0
LSGN,05,23,,,700,20,CONCRETE,0
LSGP,04,22,,,560,30,GRASS,0
LSGR,03,21,38,218,805,18,Asphalt,0
LSGS,07,25,73,253,2000,40,ASPH,1
LSGS,07G,25G,73,253,560,30,GRS,0
LSGT,17,35,,,884,30,GRASS,0
LSGY,04,22,,,872,18,ASPH,1
LSGY,05R,23L,,,725,20,GRASS,0
LSKV,03,21,,212,630,30,GRS,0
LSMA,01,19,11,191,1498,40,ASP,1
LSMD,11,29,107.8,287.8,2355,40,ASP,1
LSMD,11R,29L,108,288,649,30,GRS,1
LSME,04,22,37.6,217.6,2502,40,ASP,1
LSMM,10,28,95,275,2003,40,ASP,1
LSMP,05,23,48.4,228.4,2858,40,ASP,1
LSPA,09,27,,,780,30,GRASS,0
LSPD,11,29,,,620,30,GRASS,0
LSPF,07,25,,,540,30,GRASS,0
LSPG,03,21,,,900,40,ASPH,0
LSPH,01,19,,,695,30,GRASS,0
LSPL,05,23,,,585,18,CON,0
LSPL,05R,23L,,,335,20,GRASS,0
LSPM,11,29,,,1237,40,concrete,0
LSPN,15,33,,,570,15,ASPH,0
LSPV,08,26,74,254,500,18,ASPH,0
LSTA,10,28,91,280,839,40,ASPH,0
LSTB,08,26,,,490,50,GRASS,0
LSTO,05,23,,,566,30,GRASS,0
LSTR,03,21,,,610,40,GRASS,0
LSTS,14,32,135,315,1740,40,ASP,0
LSTZ,17,35,172,352,587,18,asphalt,0
LSZA,01,19,19,199,1415,30,ASP,1
LSZB,14,32,140,320,1730,30,ASP,1
LSZB,14L,32R,140,320,650,30,GRS,0
LSZB,14R,32L,140,320,648,30,GRS,0
LSZB,16L,34R,,,152,61,GRASS,0
LSZB,16R,34L,,,515,50,GRASS,0
LSZC,06,24,62,242,2000,40,ASP,1
LSZE,12,30,,,495,11,ASPH,0
LSZF,08,26,,,718,20,asphalt,0
LSZF,08R,26L,,,690,20,GRASS,0
LSZG,06,24,64,244,1000,23,ASP,1
LSZG,06G,24G,,,700,30,GRS,0
LSZG,06L,24R,66,246,500,18,GRS,0
LSZG,06R,24L,70,250,700,30,GRS,1
LSZH,01H,19H,,,308,28,GRASS,0
LSZH,10,28,96,276,2500,60,CON,1
LSZH,14,32,137,317,3300,60,CON,1
LSZH,16,34,155,335,3700,60,CON,1
LSZI,07,25,,,530,30,GRASS,0
LSZJ,06,24,,,560,30,GRASS,0
LSZK,12,30,,,625,18,GRASS,0
LSZL,08C,26C,78,258,700,30,GRASS,0
LSZL,08L,26R,78,258,800,23,ASPH,0
LSZL,08R,26L,78,258,700,30,GRASS,0
LSZM,01,19,13,193,1800,40,ASP,0
LSZN,09,27,91,271,700,18,ASPH,0
LSZN,09L,27R,91,271,700,30,GRASS,0
LSZO,15L,33R,,,510,30,GRASS,0
LSZO,15R,33L,,,485,30,GRASS,0
LSZP,04,22,,,690,25,GRASS,0
LSZQ,07,25,,,800,18,ASP,0
LSZR,10,28,99,279,1455,30,ASPH,1
LSZR,10L,28R,99,279,810,20,GRASS,0
LSZS,03,21,29,209,1800,40,ASP,1
LSZT,06,24,63,243,549,29,GRASS,0
LSZU,16,34,,,675,30,GRASS,0
LSZV,07,25,,,480,20,GRASS,0
LSZW,14,32,,,800,30,GRASS,0
LSZX,16,34,,,520,15,CONC,0
